probe_cost,failure_penalty,irreversible_rate,method,rows,mean_cost,mean_failures,mean_representation_size,mean_gcs_cost,mean_replan_cost,delta_vs_replan
0.02,0.5,0.0,behavior_tree_fallback,10,64.318,0.0,207.9,64.318,80.40625,-16.08825
0.02,0.5,0.0,gcs_eager,10,64.318,0.0,272.9,64.318,80.40625,-16.08825
0.02,0.5,0.0,gcs_lazy,10,64.318,0.0,300.19,64.318,80.40625,-16.08825
0.02,0.5,0.0,oracle_assignment,10,64.0,0.0,64.0,64.318,80.40625,-16.40625
0.02,0.5,0.0,probe_all_local,10,64.318,0.0,272.9,64.318,80.40625,-16.08825
0.02,0.5,0.0,replan_on_failure,10,80.40625,6.5625,64.0,64.318,80.40625,0.0
0.02,0.5,0.25,behavior_tree_fallback,10,64.312,0.0,207.6,64.312,81.58125,-17.26925
0.02,0.5,0.25,gcs_eager,10,64.312,0.0,272.6,64.312,81.58125,-17.26925
0.02,0.5,0.25,gcs_lazy,10,64.312,0.0,299.86,64.312,81.58125,-17.26925
0.02,0.5,0.25,oracle_assignment,10,64.0,0.0,64.0,64.312,81.58125,-17.58125
0.02,0.5,0.25,probe_all_local,10,64.312,0.0,272.6,64.312,81.58125,-17.26925
0.02,0.5,0.25,replan_on_failure,10,81.58125,6.875,64.0,64.312,81.58125,0.0
0.02,0.5,0.5,behavior_tree_fallback,10,64.316,0.0,207.8,64.316,81.78125,-17.46525
0.02,0.5,0.5,gcs_eager,10,64.316,0.0,272.8,64.316,81.78125,-17.46525
0.02,0.5,0.5,gcs_lazy,10,64.316,0.0,300.08,64.316,81.78125,-17.46525
0.02,0.5,0.5,oracle_assignment,10,64.0,0.0,64.0,64.316,81.78125,-17.78125
0.02,0.5,0.5,probe_all_local,10,64.316,0.0,272.8,64.316,81.78125,-17.46525
0.02,0.5,0.5,replan_on_failure,10,81.78125,6.7375,64.0,64.316,81.78125,0.0
0.02,0.5,0.75,behavior_tree_fallback,10,64.316,0.0,207.8,64.316,83.48125,-19.16525
0.02,0.5,0.75,gcs_eager,10,64.316,0.0,272.8,64.316,83.48125,-19.16525
0.02,0.5,0.75,gcs_lazy,10,64.316,0.0,300.08,64.316,83.48125,-19.16525
0.02,0.5,0.75,oracle_assignment,10,64.0,0.0,64.0,64.316,83.48125,-19.48125
0.02,0.5,0.75,probe_all_local,10,64.316,0.0,272.8,64.316,83.48125,-19.16525
0.02,0.5,0.75,replan_on_failure,10,83.48125,7.225,64.0,64.316,83.48125,0.0
0.02,1.0,0.0,behavior_tree_fallback,10,64.32,0.0,208.0,64.32,85.0,-20.68
0.02,1.0,0.0,gcs_eager,10,64.32,0.0,273.0,64.32,85.0,-20.68
0.02,1.0,0.0,gcs_lazy,10,64.32,0.0,300.3,64.32,85.0,-20.68
0.02,1.0,0.0,oracle_assignment,10,64.0,0.0,64.0,64.32,85.0,-21.0
0.02,1.0,0.0,probe_all_local,10,64.32,0.0,273.0,64.32,85.0,-20.68
0.02,1.0,0.0,replan_on_failure,10,85.0,7.0,64.0,64.32,85.0,0.0
0.02,1.0,0.25,behavior_tree_fallback,10,64.318,0.0,207.9,64.318,85.03125,-20.71325
0.02,1.0,0.25,gcs_eager,10,64.318,0.0,272.9,64.318,85.03125,-20.71325
0.02,1.0,0.25,gcs_lazy,10,64.318,0.0,300.19,64.318,85.03125,-20.71325
0.02,1.0,0.25,oracle_assignment,10,64.0,0.0,64.0,64.318,85.03125,-21.03125
0.02,1.0,0.25,probe_all_local,10,64.318,0.0,272.9,64.318,85.03125,-20.71325
0.02,1.0,0.25,replan_on_failure,10,85.03125,6.6875,64.0,64.318,85.03125,0.0
0.02,1.0,0.5,behavior_tree_fallback,10,64.32,0.0,208.0,64.32,87.2625,-22.9425
0.02,1.0,0.5,gcs_eager,10,64.32,0.0,273.0,64.32,87.2625,-22.9425
0.02,1.0,0.5,gcs_lazy,10,64.32,0.0,300.3,64.32,87.2625,-22.9425
0.02,1.0,0.5,oracle_assignment,10,64.0,0.0,64.0,64.32,87.2625,-23.2625
0.02,1.0,0.5,probe_all_local,10,64.32,0.0,273.0,64.32,87.2625,-22.9425
0.02,1.0,0.5,replan_on_failure,10,87.2625,7.175,64.0,64.32,87.2625,0.0
0.02,1.0,0.75,behavior_tree_fallback,10,64.316,0.0,207.8,64.316,86.71875,-22.40275
0.02,1.0,0.75,gcs_eager,10,64.316,0.0,272.8,64.316,86.71875,-22.40275
0.02,1.0,0.75,gcs_lazy,10,64.316,0.0,300.08,64.316,86.71875,-22.40275
0.02,1.0,0.75,oracle_assignment,10,64.0,0.0,64.0,64.316,86.71875,-22.71875
0.02,1.0,0.75,probe_all_local,10,64.316,0.0,272.8,64.316,86.71875,-22.40275
0.02,1.0,0.75,replan_on_failure,10,86.71875,6.8125,64.0,64.316,86.71875,0.0
0.02,2.0,0.0,behavior_tree_fallback,10,64.316,0.0,207.8,64.316,93.15,-28.834
0.02,2.0,0.0,gcs_eager,10,64.316,0.0,272.8,64.316,93.15,-28.834
0.02,2.0,0.0,gcs_lazy,10,64.316,0.0,300.08,64.316,93.15,-28.834
0.02,2.0,0.0,oracle_assignment,10,64.0,0.0,64.0,64.316,93.15,-29.15
0.02,2.0,0.0,probe_all_local,10,64.316,0.0,272.8,64.316,93.15,-28.834
0.02,2.0,0.0,replan_on_failure,10,93.15,7.2875,64.0,64.316,93.15,0.0
0.02,2.0,0.25,behavior_tree_fallback,10,64.32,0.0,208.0,64.32,92.775,-28.455
0.02,2.0,0.25,gcs_eager,10,64.32,0.0,273.0,64.32,92.775,-28.455
0.02,2.0,0.25,gcs_lazy,10,64.32,0.0,300.3,64.32,92.775,-28.455
0.02,2.0,0.25,oracle_assignment,10,64.0,0.0,64.0,64.32,92.775,-28.775
0.02,2.0,0.25,probe_all_local,10,64.32,0.0,273.0,64.32,92.775,-28.455
0.02,2.0,0.25,replan_on_failure,10,92.775,6.7875,64.0,64.32,92.775,0.0
0.02,2.0,0.5,behavior_tree_fallback,10,64.314,0.0,207.7,64.314,96.8125,-32.4985
0.02,2.0,0.5,gcs_eager,10,64.314,0.0,272.7,64.314,96.8125,-32.4985
0.02,2.0,0.5,gcs_lazy,10,64.314,0.0,299.97,64.314,96.8125,-32.4985
0.02,2.0,0.5,oracle_assignment,10,64.0,0.0,64.0,64.314,96.8125,-32.8125
0.02,2.0,0.5,probe_all_local,10,64.314,0.0,272.7,64.314,96.8125,-32.4985
0.02,2.0,0.5,replan_on_failure,10,96.8125,7.15,64.0,64.314,96.8125,0.0
0.02,2.0,0.75,behavior_tree_fallback,10,64.318,0.0,207.9,64.318,97.5875,-33.2695
0.02,2.0,0.75,gcs_eager,10,64.318,0.0,272.9,64.318,97.5875,-33.2695
0.02,2.0,0.75,gcs_lazy,10,64.318,0.0,300.19,64.318,97.5875,-33.2695
0.02,2.0,0.75,oracle_assignment,10,64.0,0.0,64.0,64.318,97.5875,-33.5875
0.02,2.0,0.75,probe_all_local,10,64.318,0.0,272.9,64.318,97.5875,-33.2695
0.02,2.0,0.75,replan_on_failure,10,97.5875,6.9875,64.0,64.318,97.5875,0.0
0.02,4.0,0.0,behavior_tree_fallback,10,64.318,0.0,207.9,64.318,107.35,-43.032
0.02,4.0,0.0,gcs_eager,10,64.318,0.0,272.9,64.318,107.35,-43.032
0.02,4.0,0.0,gcs_lazy,10,64.318,0.0,300.19,64.318,107.35,-43.032
0.02,4.0,0.0,oracle_assignment,10,64.0,0.0,64.0,64.318,107.35,-43.35
0.02,4.0,0.0,probe_all_local,10,64.318,0.0,272.9,64.318,107.35,-43.032
0.02,4.0,0.0,replan_on_failure,10,107.35,7.225,64.0,64.318,107.35,0.0
0.02,4.0,0.25,behavior_tree_fallback,10,64.316,0.0,207.8,64.316,108.925,-44.609
0.02,4.0,0.25,gcs_eager,10,64.316,0.0,272.8,64.316,108.925,-44.609
0.02,4.0,0.25,gcs_lazy,10,64.316,0.0,300.08,64.316,108.925,-44.609
0.02,4.0,0.25,oracle_assignment,10,64.0,0.0,64.0,64.316,108.925,-44.925
0.02,4.0,0.25,probe_all_local,10,64.316,0.0,272.8,64.316,108.925,-44.609
0.02,4.0,0.25,replan_on_failure,10,108.925,6.925,64.0,64.316,108.925,0.0
0.02,4.0,0.5,behavior_tree_fallback,10,64.314,0.0,207.7,64.314,111.975,-47.661
0.02,4.0,0.5,gcs_eager,10,64.314,0.0,272.7,64.314,111.975,-47.661
0.02,4.0,0.5,gcs_lazy,10,64.314,0.0,299.97,64.314,111.975,-47.661
0.02,4.0,0.5,oracle_assignment,10,64.0,0.0,64.0,64.314,111.975,-47.975
0.02,4.0,0.5,probe_all_local,10,64.314,0.0,272.7,64.314,111.975,-47.661
0.02,4.0,0.5,replan_on_failure,10,111.975,6.8625,64.0,64.314,111.975,0.0
0.02,4.0,0.75,behavior_tree_fallback,10,64.32,0.0,208.0,64.32,115.425,-51.105
0.02,4.0,0.75,gcs_eager,10,64.32,0.0,273.0,64.32,115.425,-51.105
0.02,4.0,0.75,gcs_lazy,10,64.32,0.0,300.3,64.32,115.425,-51.105
0.02,4.0,0.75,oracle_assignment,10,64.0,0.0,64.0,64.32,115.425,-51.425
0.02,4.0,0.75,probe_all_local,10,64.32,0.0,273.0,64.32,115.425,-51.105
0.02,4.0,0.75,replan_on_failure,10,115.425,6.875,64.0,64.32,115.425,0.0
0.02,8.0,0.0,behavior_tree_fallback,10,64.314,0.0,207.7,64.314,134.875,-70.561
0.02,8.0,0.0,gcs_eager,10,64.314,0.0,272.7,64.314,134.875,-70.561
0.02,8.0,0.0,gcs_lazy,10,64.314,0.0,299.97,64.314,134.875,-70.561
0.02,8.0,0.0,oracle_assignment,10,64.0,0.0,64.0,64.314,134.875,-70.875
0.02,8.0,0.0,probe_all_local,10,64.314,0.0,272.7,64.314,134.875,-70.561
0.02,8.0,0.0,replan_on_failure,10,134.875,7.0875,64.0,64.314,134.875,0.0
0.02,8.0,0.25,behavior_tree_fallback,10,64.318,0.0,207.9,64.318,142.65,-78.332
0.02,8.0,0.25,gcs_eager,10,64.318,0.0,272.9,64.318,142.65,-78.332
0.02,8.0,0.25,gcs_lazy,10,64.318,0.0,300.19,64.318,142.65,-78.332
0.02,8.0,0.25,oracle_assignment,10,64.0,0.0,64.0,64.318,142.65,-78.65
0.02,8.0,0.25,probe_all_local,10,64.318,0.0,272.9,64.318,142.65,-78.332
0.02,8.0,0.25,replan_on_failure,10,142.65,6.95,64.0,64.318,142.65,0.0
0.02,8.0,0.5,behavior_tree_fallback,10,64.318,0.0,207.9,64.318,146.95,-82.632
0.02,8.0,0.5,gcs_eager,10,64.318,0.0,272.9,64.318,146.95,-82.632
0.02,8.0,0.5,gcs_lazy,10,64.318,0.0,300.19,64.318,146.95,-82.632
0.02,8.0,0.5,oracle_assignment,10,64.0,0.0,64.0,64.318,146.95,-82.95
0.02,8.0,0.5,probe_all_local,10,64.318,0.0,272.9,64.318,146.95,-82.632
0.02,8.0,0.5,replan_on_failure,10,146.95,7.05,64.0,64.318,146.95,0.0
0.02,8.0,0.75,behavior_tree_fallback,10,64.312,0.0,207.6,64.312,149.325,-85.013
0.02,8.0,0.75,gcs_eager,10,64.312,0.0,272.6,64.312,149.325,-85.013
0.02,8.0,0.75,gcs_lazy,10,64.312,0.0,299.86,64.312,149.325,-85.013
0.02,8.0,0.75,oracle_assignment,10,64.0,0.0,64.0,64.312,149.325,-85.325
0.02,8.0,0.75,probe_all_local,10,64.312,0.0,272.6,64.312,149.325,-85.013
0.02,8.0,0.75,replan_on_failure,10,149.325,6.5875,64.0,64.312,149.325,0.0
0.08,0.5,0.0,behavior_tree_fallback,10,65.264,0.0,207.8,65.264,81.21875,-15.95475
0.08,0.5,0.0,gcs_eager,10,65.264,0.0,272.8,65.264,81.21875,-15.95475
0.08,0.5,0.0,gcs_lazy,10,65.264,0.0,300.08,65.264,81.21875,-15.95475
0.08,0.5,0.0,oracle_assignment,10,64.0,0.0,64.0,65.264,81.21875,-17.21875
0.08,0.5,0.0,probe_all_local,10,65.264,0.0,272.8,65.264,81.21875,-15.95475
0.08,0.5,0.0,replan_on_failure,10,81.21875,6.8875,64.0,65.264,81.21875,0.0
0.08,0.5,0.25,behavior_tree_fallback,10,65.256,0.0,207.7,65.256,82.021875,-16.765875
0.08,0.5,0.25,gcs_eager,10,65.256,0.0,272.7,65.256,82.021875,-16.765875
0.08,0.5,0.25,gcs_lazy,10,65.256,0.0,299.97,65.256,82.021875,-16.765875
0.08,0.5,0.25,oracle_assignment,10,64.0,0.0,64.0,65.256,82.021875,-18.021875
0.08,0.5,0.25,probe_all_local,10,65.256,0.0,272.7,65.256,82.021875,-16.765875
0.08,0.5,0.25,replan_on_failure,10,82.021875,7.025,64.0,65.256,82.021875,0.0
0.08,0.5,0.5,behavior_tree_fallback,10,65.272,0.0,207.9,65.272,82.253125,-16.981125
0.08,0.5,0.5,gcs_eager,10,65.272,0.0,272.9,65.272,82.253125,-16.981125
0.08,0.5,0.5,gcs_lazy,10,65.272,0.0,300.19,65.272,82.253125,-16.981125
0.08,0.5,0.5,oracle_assignment,10,64.0,0.0,64.0,65.272,82.253125,-18.253125
0.08,0.5,0.5,probe_all_local,10,65.272,0.0,272.9,65.272,82.253125,-16.981125
0.08,0.5,0.5,replan_on_failure,10,82.253125,6.975,64.0,65.272,82.253125,0.0
0.08,0.5,0.75,behavior_tree_fallback,10,65.28,0.0,208.0,65.28,82.19375,-16.91375
0.08,0.5,0.75,gcs_eager,10,65.28,0.0,273.0,65.28,82.19375,-16.91375
0.08,0.5,0.75,gcs_lazy,10,65.28,0.0,300.3,65.28,82.19375,-16.91375
0.08,0.5,0.75,oracle_assignment,10,64.0,0.0,64.0,65.28,82.19375,-18.19375
0.08,0.5,0.75,probe_all_local,10,65.28,0.0,273.0,65.28,82.19375,-16.91375
0.08,0.5,0.75,replan_on_failure,10,82.19375,6.775,64.0,65.28,82.19375,0.0
0.08,1.0,0.0,behavior_tree_fallback,10,65.272,0.0,207.9,65.272,84.7375,-19.4655
0.08,1.0,0.0,gcs_eager,10,65.272,0.0,272.9,65.272,84.7375,-19.4655
0.08,1.0,0.0,gcs_lazy,10,65.272,0.0,300.19,65.272,84.7375,-19.4655
0.08,1.0,0.0,oracle_assignment,10,64.0,0.0,64.0,65.272,84.7375,-20.7375
0.08,1.0,0.0,probe_all_local,10,65.272,0.0,272.9,65.272,84.7375,-19.4655
0.08,1.0,0.0,replan_on_failure,10,84.7375,6.9125,64.0,65.272,84.7375,0.0
0.08,1.0,0.25,behavior_tree_fallback,10,65.264,0.0,207.8,65.264,86.18125,-20.91725
0.08,1.0,0.25,gcs_eager,10,65.264,0.0,272.8,65.264,86.18125,-20.91725
0.08,1.0,0.25,gcs_lazy,10,65.264,0.0,300.08,65.264,86.18125,-20.91725
0.08,1.0,0.25,oracle_assignment,10,64.0,0.0,64.0,65.264,86.18125,-22.18125
0.08,1.0,0.25,probe_all_local,10,65.264,0.0,272.8,65.264,86.18125,-20.91725
0.08,1.0,0.25,replan_on_failure,10,86.18125,7.125,64.0,65.264,86.18125,0.0
0.08,1.0,0.5,behavior_tree_fallback,10,65.264,0.0,207.8,65.264,86.9375,-21.6735
0.08,1.0,0.5,gcs_eager,10,65.264,0.0,272.8,65.264,86.9375,-21.6735
0.08,1.0,0.5,gcs_lazy,10,65.264,0.0,300.08,65.264,86.9375,-21.6735
0.08,1.0,0.5,oracle_assignment,10,64.0,0.0,64.0,65.264,86.9375,-22.9375
0.08,1.0,0.5,probe_all_local,10,65.264,0.0,272.8,65.264,86.9375,-21.6735
0.08,1.0,0.5,replan_on_failure,10,86.9375,7.0125,64.0,65.264,86.9375,0.0
0.08,1.0,0.75,behavior_tree_fallback,10,65.24,0.0,207.5,65.24,86.325,-21.085
0.08,1.0,0.75,gcs_eager,10,65.24,0.0,272.5,65.24,86.325,-21.085
0.08,1.0,0.75,gcs_lazy,10,65.24,0.0,299.75,65.24,86.325,-21.085
0.08,1.0,0.75,oracle_assignment,10,64.0,0.0,64.0,65.24,86.325,-22.325
0.08,1.0,0.75,probe_all_local,10,65.24,0.0,272.5,65.24,86.325,-21.085
0.08,1.0,0.75,replan_on_failure,10,86.325,6.5625,64.0,65.24,86.325,0.0
0.08,2.0,0.0,behavior_tree_fallback,10,65.28,0.0,208.0,65.28,93.4,-28.12
0.08,2.0,0.0,gcs_eager,10,65.28,0.0,273.0,65.28,93.4,-28.12
0.08,2.0,0.0,gcs_lazy,10,65.28,0.0,300.3,65.28,93.4,-28.12
0.08,2.0,0.0,oracle_assignment,10,64.0,0.0,64.0,65.28,93.4,-29.4
0.08,2.0,0.0,probe_all_local,10,65.28,0.0,273.0,65.28,93.4,-28.12
0.08,2.0,0.0,replan_on_failure,10,93.4,7.35,64.0,65.28,93.4,0.0
0.08,2.0,0.25,behavior_tree_fallback,10,65.272,0.0,207.9,65.272,94.675,-29.403
0.08,2.0,0.25,gcs_eager,10,65.272,0.0,272.9,65.272,94.675,-29.403
0.08,2.0,0.25,gcs_lazy,10,65.272,0.0,300.19,65.272,94.675,-29.403
0.08,2.0,0.25,oracle_assignment,10,64.0,0.0,64.0,65.272,94.675,-30.675
0.08,2.0,0.25,probe_all_local,10,65.272,0.0,272.9,65.272,94.675,-29.403
0.08,2.0,0.25,replan_on_failure,10,94.675,7.175,64.0,65.272,94.675,0.0
0.08,2.0,0.5,behavior_tree_fallback,10,65.264,0.0,207.8,65.264,96.4625,-31.1985
0.08,2.0,0.5,gcs_eager,10,65.264,0.0,272.8,65.264,96.4625,-31.1985
0.08,2.0,0.5,gcs_lazy,10,65.264,0.0,300.08,65.264,96.4625,-31.1985
0.08,2.0,0.5,oracle_assignment,10,64.0,0.0,64.0,65.264,96.4625,-32.4625
0.08,2.0,0.5,probe_all_local,10,65.264,0.0,272.8,65.264,96.4625,-31.1985
0.08,2.0,0.5,replan_on_failure,10,96.4625,7.1,64.0,65.264,96.4625,0.0
0.08,2.0,0.75,behavior_tree_fallback,10,65.264,0.0,207.8,65.264,95.9,-30.636
0.08,2.0,0.75,gcs_eager,10,65.264,0.0,272.8,65.264,95.9,-30.636
0.08,2.0,0.75,gcs_lazy,10,65.264,0.0,300.08,65.264,95.9,-30.636
0.08,2.0,0.75,oracle_assignment,10,64.0,0.0,64.0,65.264,95.9,-31.9
0.08,2.0,0.75,probe_all_local,10,65.264,0.0,272.8,65.264,95.9,-30.636
0.08,2.0,0.75,replan_on_failure,10,95.9,6.6125,64.0,65.264,95.9,0.0
0.08,4.0,0.0,behavior_tree_fallback,10,65.272,0.0,207.9,65.272,105.325,-40.053
0.08,4.0,0.0,gcs_eager,10,65.272,0.0,272.9,65.272,105.325,-40.053
0.08,4.0,0.0,gcs_lazy,10,65.272,0.0,300.19,65.272,105.325,-40.053
0.08,4.0,0.0,oracle_assignment,10,64.0,0.0,64.0,65.272,105.325,-41.325
0.08,4.0,0.0,probe_all_local,10,65.272,0.0,272.9,65.272,105.325,-40.053
0.08,4.0,0.0,replan_on_failure,10,105.325,6.8875,64.0,65.272,105.325,0.0
0.08,4.0,0.25,behavior_tree_fallback,10,65.256,0.0,207.7,65.256,107.425,-42.169
0.08,4.0,0.25,gcs_eager,10,65.256,0.0,272.7,65.256,107.425,-42.169
0.08,4.0,0.25,gcs_lazy,10,65.256,0.0,299.97,65.256,107.425,-42.169
0.08,4.0,0.25,oracle_assignment,10,64.0,0.0,64.0,65.256,107.425,-43.425
0.08,4.0,0.25,probe_all_local,10,65.256,0.0,272.7,65.256,107.425,-42.169
0.08,4.0,0.25,replan_on_failure,10,107.425,6.85,64.0,65.256,107.425,0.0
0.08,4.0,0.5,behavior_tree_fallback,10,65.272,0.0,207.9,65.272,111.8,-46.528
0.08,4.0,0.5,gcs_eager,10,65.272,0.0,272.9,65.272,111.8,-46.528
0.08,4.0,0.5,gcs_lazy,10,65.272,0.0,300.19,65.272,111.8,-46.528
0.08,4.0,0.5,oracle_assignment,10,64.0,0.0,64.0,65.272,111.8,-47.8
0.08,4.0,0.5,probe_all_local,10,65.272,0.0,272.9,65.272,111.8,-46.528
0.08,4.0,0.5,replan_on_failure,10,111.8,6.775,64.0,65.272,111.8,0.0
0.08,4.0,0.75,behavior_tree_fallback,10,65.28,0.0,208.0,65.28,117.75,-52.47
0.08,4.0,0.75,gcs_eager,10,65.28,0.0,273.0,65.28,117.75,-52.47
0.08,4.0,0.75,gcs_lazy,10,65.28,0.0,300.3,65.28,117.75,-52.47
0.08,4.0,0.75,oracle_assignment,10,64.0,0.0,64.0,65.28,117.75,-53.75
0.08,4.0,0.75,probe_all_local,10,65.28,0.0,273.0,65.28,117.75,-52.47
0.08,4.0,0.75,replan_on_failure,10,117.75,7.1,64.0,65.28,117.75,0.0
0.08,8.0,0.0,behavior_tree_fallback,10,65.264,0.0,207.8,65.264,130.25,-64.986
0.08,8.0,0.0,gcs_eager,10,65.264,0.0,272.8,65.264,130.25,-64.986
0.08,8.0,0.0,gcs_lazy,10,65.264,0.0,300.08,65.264,130.25,-64.986
0.08,8.0,0.0,oracle_assignment,10,64.0,0.0,64.0,65.264,130.25,-66.25
0.08,8.0,0.0,probe_all_local,10,65.264,0.0,272.8,65.264,130.25,-64.986
0.08,8.0,0.0,replan_on_failure,10,130.25,6.625,64.0,65.264,130.25,0.0
0.08,8.0,0.25,behavior_tree_fallback,10,65.264,0.0,207.8,65.264,142.8,-77.536
0.08,8.0,0.25,gcs_eager,10,65.264,0.0,272.8,65.264,142.8,-77.536
0.08,8.0,0.25,gcs_lazy,10,65.264,0.0,300.08,65.264,142.8,-77.536
0.08,8.0,0.25,oracle_assignment,10,64.0,0.0,64.0,65.264,142.8,-78.8
0.08,8.0,0.25,probe_all_local,10,65.264,0.0,272.8,65.264,142.8,-77.536
0.08,8.0,0.25,replan_on_failure,10,142.8,7.075,64.0,65.264,142.8,0.0
0.08,8.0,0.5,behavior_tree_fallback,10,65.264,0.0,207.8,65.264,152.65,-87.386
0.08,8.0,0.5,gcs_eager,10,65.264,0.0,272.8,65.264,152.65,-87.386
0.08,8.0,0.5,gcs_lazy,10,65.264,0.0,300.08,65.264,152.65,-87.386
0.08,8.0,0.5,oracle_assignment,10,64.0,0.0,64.0,65.264,152.65,-88.65
0.08,8.0,0.5,probe_all_local,10,65.264,0.0,272.8,65.264,152.65,-87.386
0.08,8.0,0.5,replan_on_failure,10,152.65,7.475,64.0,65.264,152.65,0.0
0.08,8.0,0.75,behavior_tree_fallback,10,65.264,0.0,207.8,65.264,154.1,-88.836
0.08,8.0,0.75,gcs_eager,10,65.264,0.0,272.8,65.264,154.1,-88.836
0.08,8.0,0.75,gcs_lazy,10,65.264,0.0,300.08,65.264,154.1,-88.836
0.08,8.0,0.75,oracle_assignment,10,64.0,0.0,64.0,65.264,154.1,-90.1
0.08,8.0,0.75,probe_all_local,10,65.264,0.0,272.8,65.264,154.1,-88.836
0.08,8.0,0.75,replan_on_failure,10,154.1,7.025,64.0,65.264,154.1,0.0
0.25,0.5,0.0,behavior_tree_fallback,10,68.0,0.0,208.0,68.0,82.0,-14.0
0.25,0.5,0.0,gcs_eager,10,68.0,0.0,273.0,68.0,82.0,-14.0
0.25,0.5,0.0,gcs_lazy,10,68.0,0.0,300.3,68.0,82.0,-14.0
0.25,0.5,0.0,oracle_assignment,10,64.0,0.0,64.0,68.0,82.0,-18.0
0.25,0.5,0.0,probe_all_local,10,68.0,0.0,273.0,68.0,82.0,-14.0
0.25,0.5,0.0,replan_on_failure,10,82.0,7.2,64.0,68.0,82.0,0.0
0.25,0.5,0.25,behavior_tree_fallback,10,67.9,0.0,207.6,67.9,82.625,-14.725
0.25,0.5,0.25,gcs_eager,10,67.9,0.0,272.6,67.9,82.625,-14.725
0.25,0.5,0.25,gcs_lazy,10,67.9,0.0,299.86,67.9,82.625,-14.725
0.25,0.5,0.25,oracle_assignment,10,64.0,0.0,64.0,67.9,82.625,-18.625
0.25,0.5,0.25,probe_all_local,10,67.9,0.0,272.6,67.9,82.625,-14.725
0.25,0.5,0.25,replan_on_failure,10,82.625,7.2875,64.0,67.9,82.625,0.0
0.25,0.5,0.5,behavior_tree_fallback,10,67.975,0.0,207.9,67.975,82.528125,-14.553125
0.25,0.5,0.5,gcs_eager,10,67.975,0.0,272.9,67.975,82.528125,-14.553125
0.25,0.5,0.5,gcs_lazy,10,67.975,0.0,300.19,67.975,82.528125,-14.553125
0.25,0.5,0.5,oracle_assignment,10,64.0,0.0,64.0,67.975,82.528125,-18.528125
0.25,0.5,0.5,probe_all_local,10,67.975,0.0,272.9,67.975,82.528125,-14.553125
0.25,0.5,0.5,replan_on_failure,10,82.528125,7.0625,64.0,67.975,82.528125,0.0
0.25,0.5,0.75,behavior_tree_fallback,10,67.95,0.0,207.8,67.95,82.275,-14.325
0.25,0.5,0.75,gcs_eager,10,67.95,0.0,272.8,67.95,82.275,-14.325
0.25,0.5,0.75,gcs_lazy,10,67.95,0.0,300.08,67.95,82.275,-14.325
0.25,0.5,0.75,oracle_assignment,10,64.0,0.0,64.0,67.95,82.275,-18.275
0.25,0.5,0.75,probe_all_local,10,67.95,0.0,272.8,67.95,82.275,-14.325
0.25,0.5,0.75,replan_on_failure,10,82.275,6.8375,64.0,67.95,82.275,0.0
0.25,1.0,0.0,behavior_tree_fallback,10,68.0,0.0,208.0,68.0,84.4,-16.4
0.25,1.0,0.0,gcs_eager,10,68.0,0.0,273.0,68.0,84.4,-16.4
0.25,1.0,0.0,gcs_lazy,10,68.0,0.0,300.3,68.0,84.4,-16.4
0.25,1.0,0.0,oracle_assignment,10,64.0,0.0,64.0,68.0,84.4,-20.4
0.25,1.0,0.0,probe_all_local,10,68.0,0.0,273.0,68.0,84.4,-16.4
0.25,1.0,0.0,replan_on_failure,10,84.4,6.8,64.0,68.0,84.4,0.0
0.25,1.0,0.25,behavior_tree_fallback,10,67.925,0.0,207.7,67.925,85.93125,-18.00625
0.25,1.0,0.25,gcs_eager,10,67.925,0.0,272.7,67.925,85.93125,-18.00625
0.25,1.0,0.25,gcs_lazy,10,67.925,0.0,299.97,67.925,85.93125,-18.00625
0.25,1.0,0.25,oracle_assignment,10,64.0,0.0,64.0,67.925,85.93125,-21.93125
0.25,1.0,0.25,probe_all_local,10,67.925,0.0,272.7,67.925,85.93125,-18.00625
0.25,1.0,0.25,replan_on_failure,10,85.93125,6.9625,64.0,67.925,85.93125,0.0
0.25,1.0,0.5,behavior_tree_fallback,10,67.975,0.0,207.9,67.975,86.94375,-18.96875
0.25,1.0,0.5,gcs_eager,10,67.975,0.0,272.9,67.975,86.94375,-18.96875
0.25,1.0,0.5,gcs_lazy,10,67.975,0.0,300.19,67.975,86.94375,-18.96875
0.25,1.0,0.5,oracle_assignment,10,64.0,0.0,64.0,67.975,86.94375,-22.94375
0.25,1.0,0.5,probe_all_local,10,67.975,0.0,272.9,67.975,86.94375,-18.96875
0.25,1.0,0.5,replan_on_failure,10,86.94375,7.1125,64.0,67.975,86.94375,0.0
0.25,1.0,0.75,behavior_tree_fallback,10,67.95,0.0,207.8,67.95,87.6875,-19.7375
0.25,1.0,0.75,gcs_eager,10,67.95,0.0,272.8,67.95,87.6875,-19.7375
0.25,1.0,0.75,gcs_lazy,10,67.95,0.0,300.08,67.95,87.6875,-19.7375
0.25,1.0,0.75,oracle_assignment,10,64.0,0.0,64.0,67.95,87.6875,-23.6875
0.25,1.0,0.75,probe_all_local,10,67.95,0.0,272.8,67.95,87.6875,-19.7375
0.25,1.0,0.75,replan_on_failure,10,87.6875,7.05,64.0,67.95,87.6875,0.0
0.25,2.0,0.0,behavior_tree_fallback,10,67.95,0.0,207.8,67.95,90.5,-22.55
0.25,2.0,0.0,gcs_eager,10,67.95,0.0,272.8,67.95,90.5,-22.55
0.25,2.0,0.0,gcs_lazy,10,67.95,0.0,300.08,67.95,90.5,-22.55
0.25,2.0,0.0,oracle_assignment,10,64.0,0.0,64.0,67.95,90.5,-26.5
0.25,2.0,0.0,probe_all_local,10,67.95,0.0,272.8,67.95,90.5,-22.55
0.25,2.0,0.0,replan_on_failure,10,90.5,6.625,64.0,67.95,90.5,0.0
0.25,2.0,0.25,behavior_tree_fallback,10,67.95,0.0,207.8,67.95,93.35,-25.4
0.25,2.0,0.25,gcs_eager,10,67.95,0.0,272.8,67.95,93.35,-25.4
0.25,2.0,0.25,gcs_lazy,10,67.95,0.0,300.08,67.95,93.35,-25.4
0.25,2.0,0.25,oracle_assignment,10,64.0,0.0,64.0,67.95,93.35,-29.35
0.25,2.0,0.25,probe_all_local,10,67.95,0.0,272.8,67.95,93.35,-25.4
0.25,2.0,0.25,replan_on_failure,10,93.35,6.85,64.0,67.95,93.35,0.0
0.25,2.0,0.5,behavior_tree_fallback,10,67.95,0.0,207.8,67.95,95.95,-28.0
0.25,2.0,0.5,gcs_eager,10,67.95,0.0,272.8,67.95,95.95,-28.0
0.25,2.0,0.5,gcs_lazy,10,67.95,0.0,300.08,67.95,95.95,-28.0
0.25,2.0,0.5,oracle_assignment,10,64.0,0.0,64.0,67.95,95.95,-31.95
0.25,2.0,0.5,probe_all_local,10,67.95,0.0,272.8,67.95,95.95,-28.0
0.25,2.0,0.5,replan_on_failure,10,95.95,7.0,64.0,67.95,95.95,0.0
0.25,2.0,0.75,behavior_tree_fallback,10,67.925,0.0,207.7,67.925,96.525,-28.6
0.25,2.0,0.75,gcs_eager,10,67.925,0.0,272.7,67.925,96.525,-28.6
0.25,2.0,0.75,gcs_lazy,10,67.925,0.0,299.97,67.925,96.525,-28.6
0.25,2.0,0.75,oracle_assignment,10,64.0,0.0,64.0,67.925,96.525,-32.525
0.25,2.0,0.75,probe_all_local,10,67.925,0.0,272.7,67.925,96.525,-28.6
0.25,2.0,0.75,replan_on_failure,10,96.525,6.8,64.0,67.925,96.525,0.0
0.25,4.0,0.0,behavior_tree_fallback,10,67.825,0.0,207.3,67.825,105.775,-37.95
0.25,4.0,0.0,gcs_eager,10,67.825,0.0,272.3,67.825,105.775,-37.95
0.25,4.0,0.0,gcs_lazy,10,67.825,0.0,299.53,67.825,105.775,-37.95
0.25,4.0,0.0,oracle_assignment,10,64.0,0.0,64.0,67.825,105.775,-41.775
0.25,4.0,0.0,probe_all_local,10,67.825,0.0,272.3,67.825,105.775,-37.95
0.25,4.0,0.0,replan_on_failure,10,105.775,6.9625,64.0,67.825,105.775,0.0
0.25,4.0,0.25,behavior_tree_fallback,10,68.0,0.0,208.0,68.0,110.9,-42.9
0.25,4.0,0.25,gcs_eager,10,68.0,0.0,273.0,68.0,110.9,-42.9
0.25,4.0,0.25,gcs_lazy,10,68.0,0.0,300.3,68.0,110.9,-42.9
0.25,4.0,0.25,oracle_assignment,10,64.0,0.0,64.0,68.0,110.9,-46.9
0.25,4.0,0.25,probe_all_local,10,68.0,0.0,273.0,68.0,110.9,-42.9
0.25,4.0,0.25,replan_on_failure,10,110.9,7.275,64.0,68.0,110.9,0.0
0.25,4.0,0.5,behavior_tree_fallback,10,67.95,0.0,207.8,67.95,112.05,-44.1
0.25,4.0,0.5,gcs_eager,10,67.95,0.0,272.8,67.95,112.05,-44.1
0.25,4.0,0.5,gcs_lazy,10,67.95,0.0,300.08,67.95,112.05,-44.1
0.25,4.0,0.5,oracle_assignment,10,64.0,0.0,64.0,67.95,112.05,-48.05
0.25,4.0,0.5,probe_all_local,10,67.95,0.0,272.8,67.95,112.05,-44.1
0.25,4.0,0.5,replan_on_failure,10,112.05,6.85,64.0,67.95,112.05,0.0
0.25,4.0,0.75,behavior_tree_fallback,10,67.95,0.0,207.8,67.95,113.35,-45.4
0.25,4.0,0.75,gcs_eager,10,67.95,0.0,272.8,67.95,113.35,-45.4
0.25,4.0,0.75,gcs_lazy,10,67.95,0.0,300.08,67.95,113.35,-45.4
0.25,4.0,0.75,oracle_assignment,10,64.0,0.0,64.0,67.95,113.35,-49.35
0.25,4.0,0.75,probe_all_local,10,67.95,0.0,272.8,67.95,113.35,-45.4
0.25,4.0,0.75,replan_on_failure,10,113.35,6.575,64.0,67.95,113.35,0.0
0.25,8.0,0.0,behavior_tree_fallback,10,67.95,0.0,207.8,67.95,132.375,-64.425
0.25,8.0,0.0,gcs_eager,10,67.95,0.0,272.8,67.95,132.375,-64.425
0.25,8.0,0.0,gcs_lazy,10,67.95,0.0,300.08,67.95,132.375,-64.425
0.25,8.0,0.0,oracle_assignment,10,64.0,0.0,64.0,67.95,132.375,-68.375
0.25,8.0,0.0,probe_all_local,10,67.95,0.0,272.8,67.95,132.375,-64.425
0.25,8.0,0.0,replan_on_failure,10,132.375,6.8375,64.0,67.95,132.375,0.0
0.25,8.0,0.25,behavior_tree_fallback,10,67.95,0.0,207.8,67.95,142.05,-74.1
0.25,8.0,0.25,gcs_eager,10,67.95,0.0,272.8,67.95,142.05,-74.1
0.25,8.0,0.25,gcs_lazy,10,67.95,0.0,300.08,67.95,142.05,-74.1
0.25,8.0,0.25,oracle_assignment,10,64.0,0.0,64.0,67.95,142.05,-78.05
0.25,8.0,0.25,probe_all_local,10,67.95,0.0,272.8,67.95,142.05,-74.1
0.25,8.0,0.25,replan_on_failure,10,142.05,7.15,64.0,67.95,142.05,0.0
0.25,8.0,0.5,behavior_tree_fallback,10,67.975,0.0,207.9,67.975,146.0,-78.025
0.25,8.0,0.5,gcs_eager,10,67.975,0.0,272.9,67.975,146.0,-78.025
0.25,8.0,0.5,gcs_lazy,10,67.975,0.0,300.19,67.975,146.0,-78.025
0.25,8.0,0.5,oracle_assignment,10,64.0,0.0,64.0,67.975,146.0,-82.0
0.25,8.0,0.5,probe_all_local,10,67.975,0.0,272.9,67.975,146.0,-78.025
0.25,8.0,0.5,replan_on_failure,10,146.0,6.825,64.0,67.975,146.0,0.0
0.25,8.0,0.75,behavior_tree_fallback,10,68.0,0.0,208.0,68.0,154.1,-86.1
0.25,8.0,0.75,gcs_eager,10,68.0,0.0,273.0,68.0,154.1,-86.1
0.25,8.0,0.75,gcs_lazy,10,68.0,0.0,300.3,68.0,154.1,-86.1
0.25,8.0,0.75,oracle_assignment,10,64.0,0.0,64.0,68.0,154.1,-90.1
0.25,8.0,0.75,probe_all_local,10,68.0,0.0,273.0,68.0,154.1,-86.1
0.25,8.0,0.75,replan_on_failure,10,154.1,7.0,64.0,68.0,154.1,0.0
0.5,0.5,0.0,behavior_tree_fallback,10,77.71875,5.4875,207.9,71.95,81.03125,-3.3125
0.5,0.5,0.0,gcs_eager,10,71.95,0.0,272.9,71.95,81.03125,-9.08125
0.5,0.5,0.0,gcs_lazy,10,73.41875,1.6875,300.19,71.95,81.03125,-7.6125
0.5,0.5,0.0,oracle_assignment,10,64.0,0.0,64.0,71.95,81.03125,-17.03125
0.5,0.5,0.0,probe_all_local,10,71.95,0.0,272.9,71.95,81.03125,-9.08125
0.5,0.5,0.0,replan_on_failure,10,81.03125,6.8125,64.0,71.95,81.03125,0.0
0.5,0.5,0.25,behavior_tree_fallback,10,78.0125,4.225,207.7,71.85,81.48125,-3.46875
0.5,0.5,0.25,gcs_eager,10,71.85,0.0,272.7,71.85,81.48125,-9.63125
0.5,0.5,0.25,gcs_lazy,10,72.525,0.7375,299.97,71.85,81.48125,-8.95625
0.5,0.5,0.25,oracle_assignment,10,64.0,0.0,64.0,71.85,81.48125,-17.48125
0.5,0.5,0.25,probe_all_local,10,71.85,0.0,272.7,71.85,81.48125,-9.63125
0.5,0.5,0.25,replan_on_failure,10,81.48125,6.8375,64.0,71.85,81.48125,0.0
0.5,0.5,0.5,behavior_tree_fallback,10,75.5625,2.1875,207.7,71.85,81.940625,-6.378125
0.5,0.5,0.5,gcs_eager,10,71.85,0.0,272.7,71.85,81.940625,-10.090625
0.5,0.5,0.5,gcs_lazy,10,72.921875,0.8625,299.97,71.85,81.940625,-9.01875
0.5,0.5,0.5,oracle_assignment,10,64.0,0.0,64.0,71.85,81.940625,-17.940625
0.5,0.5,0.5,probe_all_local,10,71.85,0.0,272.7,71.85,81.940625,-10.090625
0.5,0.5,0.5,replan_on_failure,10,81.940625,6.7625,64.0,71.85,81.940625,0.0
0.5,0.5,0.75,behavior_tree_fallback,10,73.65,1.0,207.8,71.9,81.78125,-8.13125
0.5,0.5,0.75,gcs_eager,10,71.9,0.0,272.8,71.9,81.78125,-9.88125
0.5,0.5,0.75,gcs_lazy,10,72.465625,0.5875,300.08,71.9,81.78125,-9.315625
0.5,0.5,0.75,oracle_assignment,10,64.0,0.0,64.0,71.9,81.78125,-17.78125
0.5,0.5,0.75,probe_all_local,10,71.9,0.0,272.8,71.9,81.78125,-9.88125
0.5,0.5,0.75,replan_on_failure,10,81.78125,6.575,64.0,71.9,81.78125,0.0
0.5,1.0,0.0,behavior_tree_fallback,10,75.25,2.45,207.7,71.85,85.6375,-10.3875
0.5,1.0,0.0,gcs_eager,10,71.85,0.0,272.7,71.85,85.6375,-13.7875
0.5,1.0,0.0,gcs_lazy,10,71.85,0.0,299.97,71.85,85.6375,-13.7875
0.5,1.0,0.0,oracle_assignment,10,64.0,0.0,64.0,71.85,85.6375,-21.6375
0.5,1.0,0.0,probe_all_local,10,71.85,0.0,272.7,71.85,85.6375,-13.7875
0.5,1.0,0.0,replan_on_failure,10,85.6375,7.2125,64.0,71.85,85.6375,0.0
0.5,1.0,0.25,behavior_tree_fallback,10,75.15625,1.6625,207.9,71.95,84.78125,-9.625
0.5,1.0,0.25,gcs_eager,10,71.95,0.0,272.9,71.95,84.78125,-12.83125
0.5,1.0,0.25,gcs_lazy,10,71.95,0.0,300.19,71.95,84.78125,-12.83125
0.5,1.0,0.25,oracle_assignment,10,64.0,0.0,64.0,71.95,84.78125,-20.78125
0.5,1.0,0.25,probe_all_local,10,71.95,0.0,272.9,71.95,84.78125,-12.83125
0.5,1.0,0.25,replan_on_failure,10,84.78125,6.6625,64.0,71.95,84.78125,0.0
0.5,1.0,0.5,behavior_tree_fallback,10,74.775,1.275,207.9,71.95,85.95,-11.175
0.5,1.0,0.5,gcs_eager,10,71.95,0.0,272.9,71.95,85.95,-14.0
0.5,1.0,0.5,gcs_lazy,10,71.95,0.0,300.19,71.95,85.95,-14.0
0.5,1.0,0.5,oracle_assignment,10,64.0,0.0,64.0,71.95,85.95,-21.95
0.5,1.0,0.5,probe_all_local,10,71.95,0.0,272.9,71.95,85.95,-14.0
0.5,1.0,0.5,replan_on_failure,10,85.95,6.825,64.0,71.95,85.95,0.0
0.5,1.0,0.75,behavior_tree_fallback,10,74.00625,0.9,208.0,72.0,88.025,-14.01875
0.5,1.0,0.75,gcs_eager,10,72.0,0.0,273.0,72.0,88.025,-16.025
0.5,1.0,0.75,gcs_lazy,10,72.0,0.0,300.3,72.0,88.025,-16.025
0.5,1.0,0.75,oracle_assignment,10,64.0,0.0,64.0,72.0,88.025,-24.025
0.5,1.0,0.75,probe_all_local,10,72.0,0.0,273.0,72.0,88.025,-16.025
0.5,1.0,0.75,replan_on_failure,10,88.025,7.1625,64.0,72.0,88.025,0.0
0.5,2.0,0.0,behavior_tree_fallback,10,72.0,0.0,208.0,72.0,92.7,-20.7
0.5,2.0,0.0,gcs_eager,10,72.0,0.0,273.0,72.0,92.7,-20.7
0.5,2.0,0.0,gcs_lazy,10,72.0,0.0,300.3,72.0,92.7,-20.7
0.5,2.0,0.0,oracle_assignment,10,64.0,0.0,64.0,72.0,92.7,-28.7
0.5,2.0,0.0,probe_all_local,10,72.0,0.0,273.0,72.0,92.7,-20.7
0.5,2.0,0.0,replan_on_failure,10,92.7,7.175,64.0,72.0,92.7,0.0
0.5,2.0,0.25,behavior_tree_fallback,10,71.85,0.0,207.7,71.85,93.525,-21.675
0.5,2.0,0.25,gcs_eager,10,71.85,0.0,272.7,71.85,93.525,-21.675
0.5,2.0,0.25,gcs_lazy,10,71.85,0.0,299.97,71.85,93.525,-21.675
0.5,2.0,0.25,oracle_assignment,10,64.0,0.0,64.0,71.85,93.525,-29.525
0.5,2.0,0.25,probe_all_local,10,71.85,0.0,272.7,71.85,93.525,-21.675
0.5,2.0,0.25,replan_on_failure,10,93.525,6.8625,64.0,71.85,93.525,0.0
0.5,2.0,0.5,behavior_tree_fallback,10,71.95,0.0,207.9,71.95,95.6625,-23.7125
0.5,2.0,0.5,gcs_eager,10,71.95,0.0,272.9,71.95,95.6625,-23.7125
0.5,2.0,0.5,gcs_lazy,10,71.95,0.0,300.19,71.95,95.6625,-23.7125
0.5,2.0,0.5,oracle_assignment,10,64.0,0.0,64.0,71.95,95.6625,-31.6625
0.5,2.0,0.5,probe_all_local,10,71.95,0.0,272.9,71.95,95.6625,-23.7125
0.5,2.0,0.5,replan_on_failure,10,95.6625,7.0,64.0,71.95,95.6625,0.0
0.5,2.0,0.75,behavior_tree_fallback,10,71.95,0.0,207.9,71.95,97.4375,-25.4875
0.5,2.0,0.75,gcs_eager,10,71.95,0.0,272.9,71.95,97.4375,-25.4875
0.5,2.0,0.75,gcs_lazy,10,71.95,0.0,300.19,71.95,97.4375,-25.4875
0.5,2.0,0.75,oracle_assignment,10,64.0,0.0,64.0,71.95,97.4375,-33.4375
0.5,2.0,0.75,probe_all_local,10,71.95,0.0,272.9,71.95,97.4375,-25.4875
0.5,2.0,0.75,replan_on_failure,10,97.4375,7.075,64.0,71.95,97.4375,0.0
0.5,4.0,0.0,behavior_tree_fallback,10,71.9,0.0,207.8,71.9,105.475,-33.575
0.5,4.0,0.0,gcs_eager,10,71.9,0.0,272.8,71.9,105.475,-33.575
0.5,4.0,0.0,gcs_lazy,10,71.9,0.0,300.08,71.9,105.475,-33.575
0.5,4.0,0.0,oracle_assignment,10,64.0,0.0,64.0,71.9,105.475,-41.475
0.5,4.0,0.0,probe_all_local,10,71.9,0.0,272.8,71.9,105.475,-33.575
0.5,4.0,0.0,replan_on_failure,10,105.475,6.9125,64.0,71.9,105.475,0.0
0.5,4.0,0.25,behavior_tree_fallback,10,71.9,0.0,207.8,71.9,110.95,-39.05
0.5,4.0,0.25,gcs_eager,10,71.9,0.0,272.8,71.9,110.95,-39.05
0.5,4.0,0.25,gcs_lazy,10,71.9,0.0,300.08,71.9,110.95,-39.05
0.5,4.0,0.25,oracle_assignment,10,64.0,0.0,64.0,71.9,110.95,-46.95
0.5,4.0,0.25,probe_all_local,10,71.9,0.0,272.8,71.9,110.95,-39.05
0.5,4.0,0.25,replan_on_failure,10,110.95,7.175,64.0,71.9,110.95,0.0
0.5,4.0,0.5,behavior_tree_fallback,10,71.9,0.0,207.8,71.9,112.5,-40.6
0.5,4.0,0.5,gcs_eager,10,71.9,0.0,272.8,71.9,112.5,-40.6
0.5,4.0,0.5,gcs_lazy,10,71.9,0.0,300.08,71.9,112.5,-40.6
0.5,4.0,0.5,oracle_assignment,10,64.0,0.0,64.0,71.9,112.5,-48.5
0.5,4.0,0.5,probe_all_local,10,71.9,0.0,272.8,71.9,112.5,-40.6
0.5,4.0,0.5,replan_on_failure,10,112.5,6.975,64.0,71.9,112.5,0.0
0.5,4.0,0.75,behavior_tree_fallback,10,71.8,0.0,207.6,71.8,114.85,-43.05
0.5,4.0,0.75,gcs_eager,10,71.8,0.0,272.6,71.8,114.85,-43.05
0.5,4.0,0.75,gcs_lazy,10,71.8,0.0,299.86,71.8,114.85,-43.05
0.5,4.0,0.75,oracle_assignment,10,64.0,0.0,64.0,71.8,114.85,-50.85
0.5,4.0,0.75,probe_all_local,10,71.8,0.0,272.6,71.8,114.85,-43.05
0.5,4.0,0.75,replan_on_failure,10,114.85,6.775,64.0,71.8,114.85,0.0
0.5,8.0,0.0,behavior_tree_fallback,10,72.0,0.0,208.0,72.0,139.75,-67.75
0.5,8.0,0.0,gcs_eager,10,72.0,0.0,273.0,72.0,139.75,-67.75
0.5,8.0,0.0,gcs_lazy,10,72.0,0.0,300.3,72.0,139.75,-67.75
0.5,8.0,0.0,oracle_assignment,10,64.0,0.0,64.0,72.0,139.75,-75.75
0.5,8.0,0.0,probe_all_local,10,72.0,0.0,273.0,72.0,139.75,-67.75
0.5,8.0,0.0,replan_on_failure,10,139.75,7.575,64.0,72.0,139.75,0.0
0.5,8.0,0.25,behavior_tree_fallback,10,71.95,0.0,207.9,71.95,141.7,-69.75
0.5,8.0,0.25,gcs_eager,10,71.95,0.0,272.9,71.95,141.7,-69.75
0.5,8.0,0.25,gcs_lazy,10,71.95,0.0,300.19,71.95,141.7,-69.75
0.5,8.0,0.25,oracle_assignment,10,64.0,0.0,64.0,71.95,141.7,-77.7
0.5,8.0,0.25,probe_all_local,10,71.95,0.0,272.9,71.95,141.7,-69.75
0.5,8.0,0.25,replan_on_failure,10,141.7,7.05,64.0,71.95,141.7,0.0
0.5,8.0,0.5,behavior_tree_fallback,10,71.9,0.0,207.8,71.9,152.25,-80.35
0.5,8.0,0.5,gcs_eager,10,71.9,0.0,272.8,71.9,152.25,-80.35
0.5,8.0,0.5,gcs_lazy,10,71.9,0.0,300.08,71.9,152.25,-80.35
0.5,8.0,0.5,oracle_assignment,10,64.0,0.0,64.0,71.9,152.25,-88.25
0.5,8.0,0.5,probe_all_local,10,71.9,0.0,272.8,71.9,152.25,-80.35
0.5,8.0,0.5,replan_on_failure,10,152.25,7.225,64.0,71.9,152.25,0.0
0.5,8.0,0.75,behavior_tree_fallback,10,71.8,0.0,207.6,71.8,152.15,-80.35
0.5,8.0,0.75,gcs_eager,10,71.8,0.0,272.6,71.8,152.15,-80.35
0.5,8.0,0.75,gcs_lazy,10,71.8,0.0,299.86,71.8,152.15,-80.35
0.5,8.0,0.75,oracle_assignment,10,64.0,0.0,64.0,71.8,152.15,-88.15
0.5,8.0,0.75,probe_all_local,10,71.8,0.0,272.6,71.8,152.15,-80.35
0.5,8.0,0.75,replan_on_failure,10,152.15,6.85,64.0,71.8,152.15,0.0
1.0,0.5,0.0,behavior_tree_fallback,10,77.625,5.45,207.9,79.9,82.03125,-4.40625
1.0,0.5,0.0,gcs_eager,10,79.9,0.0,272.9,79.9,82.03125,-2.13125
1.0,0.5,0.0,gcs_lazy,10,77.625,5.45,300.19,79.9,82.03125,-4.40625
1.0,0.5,0.0,oracle_assignment,10,64.0,0.0,64.0,79.9,82.03125,-18.03125
1.0,0.5,0.0,probe_all_local,10,79.9,0.0,272.9,79.9,82.03125,-2.13125
1.0,0.5,0.0,replan_on_failure,10,82.03125,7.2125,64.0,79.9,82.03125,0.0
1.0,0.5,0.25,behavior_tree_fallback,10,81.54375,3.4625,207.7,79.7,81.878125,-0.334375
1.0,0.5,0.25,gcs_eager,10,79.7,0.0,272.7,79.7,81.878125,-2.178125
1.0,0.5,0.25,gcs_lazy,10,77.8125,5.3375,299.97,79.7,81.878125,-4.065625
1.0,0.5,0.25,oracle_assignment,10,64.0,0.0,64.0,79.7,81.878125,-17.878125
1.0,0.5,0.25,probe_all_local,10,79.7,0.0,272.7,79.7,81.878125,-2.178125
1.0,0.5,0.25,replan_on_failure,10,81.878125,6.925,64.0,79.7,81.878125,0.0
1.0,0.5,0.5,behavior_tree_fallback,10,81.6375,2.25,207.9,79.9,81.721875,-0.084375
1.0,0.5,0.5,gcs_eager,10,79.9,0.0,272.9,79.9,81.721875,-1.821875
1.0,0.5,0.5,gcs_lazy,10,77.80625,5.225,300.19,79.9,81.721875,-3.915625
1.0,0.5,0.5,oracle_assignment,10,64.0,0.0,64.0,79.9,81.721875,-17.721875
1.0,0.5,0.5,probe_all_local,10,79.9,0.0,272.9,79.9,81.721875,-1.821875
1.0,0.5,0.5,replan_on_failure,10,81.721875,6.7125,64.0,79.9,81.721875,0.0
1.0,0.5,0.75,behavior_tree_fallback,10,81.5375,1.45,208.0,80.0,83.296875,-1.759375
1.0,0.5,0.75,gcs_eager,10,80.0,0.0,273.0,80.0,83.296875,-3.296875
1.0,0.5,0.75,gcs_lazy,10,78.2125,5.3,300.3,80.0,83.296875,-5.084375
1.0,0.5,0.75,oracle_assignment,10,64.0,0.0,64.0,80.0,83.296875,-19.296875
1.0,0.5,0.75,probe_all_local,10,80.0,0.0,273.0,80.0,83.296875,-3.296875
1.0,0.5,0.75,replan_on_failure,10,83.296875,7.2125,64.0,80.0,83.296875,0.0
1.0,1.0,0.0,behavior_tree_fallback,10,79.6375,5.2125,207.9,79.9,85.1875,-5.55
1.0,1.0,0.0,gcs_eager,10,79.9,0.0,272.9,79.9,85.1875,-5.2875
1.0,1.0,0.0,gcs_lazy,10,79.6375,5.2125,300.19,79.9,85.1875,-5.55
1.0,1.0,0.0,oracle_assignment,10,64.0,0.0,64.0,79.9,85.1875,-21.1875
1.0,1.0,0.0,probe_all_local,10,79.9,0.0,272.9,79.9,85.1875,-5.2875
1.0,1.0,0.0,replan_on_failure,10,85.1875,7.0625,64.0,79.9,85.1875,0.0
1.0,1.0,0.25,behavior_tree_fallback,10,82.6875,3.2625,207.8,79.8,86.16875,-3.48125
1.0,1.0,0.25,gcs_eager,10,79.8,0.0,272.8,79.8,86.16875,-6.36875
1.0,1.0,0.25,gcs_lazy,10,80.20625,4.275,300.08,79.8,86.16875,-5.9625
1.0,1.0,0.25,oracle_assignment,10,64.0,0.0,64.0,79.8,86.16875,-22.16875
1.0,1.0,0.25,probe_all_local,10,79.8,0.0,272.8,79.8,86.16875,-6.36875
1.0,1.0,0.25,replan_on_failure,10,86.16875,7.0375,64.0,79.8,86.16875,0.0
1.0,1.0,0.5,behavior_tree_fallback,10,83.7125,2.525,208.0,80.0,86.41875,-2.70625
1.0,1.0,0.5,gcs_eager,10,80.0,0.0,273.0,80.0,86.41875,-6.41875
1.0,1.0,0.5,gcs_lazy,10,82.0125,3.95,300.3,80.0,86.41875,-4.40625
1.0,1.0,0.5,oracle_assignment,10,64.0,0.0,64.0,80.0,86.41875,-22.41875
1.0,1.0,0.5,probe_all_local,10,80.0,0.0,273.0,80.0,86.41875,-6.41875
1.0,1.0,0.5,replan_on_failure,10,86.41875,6.875,64.0,80.0,86.41875,0.0
1.0,1.0,0.75,behavior_tree_fallback,10,81.8,1.2875,207.9,79.9,89.01875,-7.21875
1.0,1.0,0.75,gcs_eager,10,79.9,0.0,272.9,79.9,89.01875,-9.11875
1.0,1.0,0.75,gcs_lazy,10,80.8,3.4125,300.19,79.9,89.01875,-8.21875
1.0,1.0,0.75,oracle_assignment,10,64.0,0.0,64.0,79.9,89.01875,-25.01875
1.0,1.0,0.75,probe_all_local,10,79.9,0.0,272.9,79.9,89.01875,-9.11875
1.0,1.0,0.75,replan_on_failure,10,89.01875,7.3875,64.0,79.9,89.01875,0.0
1.0,2.0,0.0,behavior_tree_fallback,10,86.15,5.5375,207.8,79.8,89.85,-3.7
1.0,2.0,0.0,gcs_eager,10,79.8,0.0,272.8,79.8,89.85,-10.05
1.0,2.0,0.0,gcs_lazy,10,81.7,1.8,300.08,79.8,89.85,-8.15
1.0,2.0,0.0,oracle_assignment,10,64.0,0.0,64.0,79.8,89.85,-25.85
1.0,2.0,0.0,probe_all_local,10,79.8,0.0,272.8,79.8,89.85,-10.05
1.0,2.0,0.0,replan_on_failure,10,89.85,6.4625,64.0,79.8,89.85,0.0
1.0,2.0,0.25,behavior_tree_fallback,10,89.575,4.7625,208.0,80.0,93.1125,-3.5375
1.0,2.0,0.25,gcs_eager,10,80.0,0.0,273.0,80.0,93.1125,-13.1125
1.0,2.0,0.25,gcs_lazy,10,82.8,1.3375,300.3,80.0,93.1125,-10.3125
1.0,2.0,0.25,oracle_assignment,10,64.0,0.0,64.0,80.0,93.1125,-29.1125
1.0,2.0,0.25,probe_all_local,10,80.0,0.0,273.0,80.0,93.1125,-13.1125
1.0,2.0,0.25,replan_on_failure,10,93.1125,6.875,64.0,80.0,93.1125,0.0
1.0,2.0,0.5,behavior_tree_fallback,10,84.525,2.2375,207.7,79.7,95.7125,-11.1875
1.0,2.0,0.5,gcs_eager,10,79.7,0.0,272.7,79.7,95.7125,-16.0125
1.0,2.0,0.5,gcs_lazy,10,81.7625,0.8625,299.97,79.7,95.7125,-13.95
1.0,2.0,0.5,oracle_assignment,10,64.0,0.0,64.0,79.7,95.7125,-31.7125
1.0,2.0,0.5,probe_all_local,10,79.7,0.0,272.7,79.7,95.7125,-16.0125
1.0,2.0,0.5,replan_on_failure,10,95.7125,7.025,64.0,79.7,95.7125,0.0
1.0,2.0,0.75,behavior_tree_fallback,10,83.775,1.6125,208.0,80.0,96.2,-12.425
1.0,2.0,0.75,gcs_eager,10,80.0,0.0,273.0,80.0,96.2,-16.2
1.0,2.0,0.75,gcs_lazy,10,81.175,0.45,300.3,80.0,96.2,-15.025
1.0,2.0,0.75,oracle_assignment,10,64.0,0.0,64.0,80.0,96.2,-32.2
1.0,2.0,0.75,probe_all_local,10,80.0,0.0,273.0,80.0,96.2,-16.2
1.0,2.0,0.75,replan_on_failure,10,96.2,6.825,64.0,80.0,96.2,0.0
1.0,4.0,0.0,behavior_tree_fallback,10,82.3,0.9,207.8,79.8,103.9,-21.6
1.0,4.0,0.0,gcs_eager,10,79.8,0.0,272.8,79.8,103.9,-24.1
1.0,4.0,0.0,gcs_lazy,10,79.8,0.0,300.08,79.8,103.9,-24.1
1.0,4.0,0.0,oracle_assignment,10,64.0,0.0,64.0,79.8,103.9,-39.9
1.0,4.0,0.0,probe_all_local,10,79.8,0.0,272.8,79.8,103.9,-24.1
1.0,4.0,0.0,replan_on_failure,10,103.9,6.65,64.0,79.8,103.9,0.0
1.0,4.0,0.25,behavior_tree_fallback,10,82.2875,0.5375,207.8,79.8,109.825,-27.5375
1.0,4.0,0.25,gcs_eager,10,79.8,0.0,272.8,79.8,109.825,-30.025
1.0,4.0,0.25,gcs_lazy,10,79.8,0.0,300.08,79.8,109.825,-30.025
1.0,4.0,0.25,oracle_assignment,10,64.0,0.0,64.0,79.8,109.825,-45.825
1.0,4.0,0.25,probe_all_local,10,79.8,0.0,272.8,79.8,109.825,-30.025
1.0,4.0,0.25,replan_on_failure,10,109.825,6.925,64.0,79.8,109.825,0.0
1.0,4.0,0.5,behavior_tree_fallback,10,81.3375,0.4,207.5,79.5,111.875,-30.5375
1.0,4.0,0.5,gcs_eager,10,79.5,0.0,272.5,79.5,111.875,-32.375
1.0,4.0,0.5,gcs_lazy,10,79.5,0.0,299.75,79.5,111.875,-32.375
1.0,4.0,0.5,oracle_assignment,10,64.0,0.0,64.0,79.5,111.875,-47.875
1.0,4.0,0.5,probe_all_local,10,79.5,0.0,272.5,79.5,111.875,-32.375
1.0,4.0,0.5,replan_on_failure,10,111.875,6.8375,64.0,79.5,111.875,0.0
1.0,4.0,0.75,behavior_tree_fallback,10,80.6375,0.1625,207.9,79.9,114.475,-33.8375
1.0,4.0,0.75,gcs_eager,10,79.9,0.0,272.9,79.9,114.475,-34.575
1.0,4.0,0.75,gcs_lazy,10,79.9,0.0,300.19,79.9,114.475,-34.575
1.0,4.0,0.75,oracle_assignment,10,64.0,0.0,64.0,79.9,114.475,-50.475
1.0,4.0,0.75,probe_all_local,10,79.9,0.0,272.9,79.9,114.475,-34.575
1.0,4.0,0.75,replan_on_failure,10,114.475,6.575,64.0,79.9,114.475,0.0
1.0,8.0,0.0,behavior_tree_fallback,10,79.9,0.0,207.9,79.9,135.875,-55.975
1.0,8.0,0.0,gcs_eager,10,79.9,0.0,272.9,79.9,135.875,-55.975
1.0,8.0,0.0,gcs_lazy,10,79.9,0.0,300.19,79.9,135.875,-55.975
1.0,8.0,0.0,oracle_assignment,10,64.0,0.0,64.0,79.9,135.875,-71.875
1.0,8.0,0.0,probe_all_local,10,79.9,0.0,272.9,79.9,135.875,-55.975
1.0,8.0,0.0,replan_on_failure,10,135.875,7.1875,64.0,79.9,135.875,0.0
1.0,8.0,0.25,behavior_tree_fallback,10,79.7,0.0,207.7,79.7,142.05,-62.35
1.0,8.0,0.25,gcs_eager,10,79.7,0.0,272.7,79.7,142.05,-62.35
1.0,8.0,0.25,gcs_lazy,10,79.7,0.0,299.97,79.7,142.05,-62.35
1.0,8.0,0.25,oracle_assignment,10,64.0,0.0,64.0,79.7,142.05,-78.05
1.0,8.0,0.25,probe_all_local,10,79.7,0.0,272.7,79.7,142.05,-62.35
1.0,8.0,0.25,replan_on_failure,10,142.05,6.975,64.0,79.7,142.05,0.0
1.0,8.0,0.5,behavior_tree_fallback,10,79.7,0.0,207.7,79.7,148.3,-68.6
1.0,8.0,0.5,gcs_eager,10,79.7,0.0,272.7,79.7,148.3,-68.6
1.0,8.0,0.5,gcs_lazy,10,79.7,0.0,299.97,79.7,148.3,-68.6
1.0,8.0,0.5,oracle_assignment,10,64.0,0.0,64.0,79.7,148.3,-84.3
1.0,8.0,0.5,probe_all_local,10,79.7,0.0,272.7,79.7,148.3,-68.6
1.0,8.0,0.5,replan_on_failure,10,148.3,6.9,64.0,79.7,148.3,0.0
1.0,8.0,0.75,behavior_tree_fallback,10,79.6,0.0,207.6,79.6,154.2,-74.6
1.0,8.0,0.75,gcs_eager,10,79.6,0.0,272.6,79.6,154.2,-74.6
1.0,8.0,0.75,gcs_lazy,10,79.6,0.0,299.86,79.6,154.2,-74.6
1.0,8.0,0.75,oracle_assignment,10,64.0,0.0,64.0,79.6,154.2,-90.2
1.0,8.0,0.75,probe_all_local,10,79.6,0.0,272.6,79.6,154.2,-74.6
1.0,8.0,0.75,replan_on_failure,10,154.2,7.0,64.0,79.6,154.2,0.0
2.0,0.5,0.0,behavior_tree_fallback,10,77.21875,5.2875,207.8,95.6,82.09375,-4.875
2.0,0.5,0.0,gcs_eager,10,95.6,0.0,272.8,95.6,82.09375,13.50625
2.0,0.5,0.0,gcs_lazy,10,77.21875,5.2875,300.08,95.6,82.09375,-4.875
2.0,0.5,0.0,oracle_assignment,10,64.0,0.0,64.0,95.6,82.09375,-18.09375
2.0,0.5,0.0,probe_all_local,10,95.6,0.0,272.8,95.6,82.09375,13.50625
2.0,0.5,0.0,replan_on_failure,10,82.09375,7.2375,64.0,95.6,82.09375,0.0
2.0,0.5,0.25,behavior_tree_fallback,10,89.76875,3.5875,207.9,95.8,81.51875,8.25
2.0,0.5,0.25,gcs_eager,10,95.8,0.0,272.9,95.8,81.51875,14.28125
2.0,0.5,0.25,gcs_lazy,10,77.609375,5.275,300.19,95.8,81.51875,-3.909375
2.0,0.5,0.25,oracle_assignment,10,64.0,0.0,64.0,95.8,81.51875,-17.51875
2.0,0.5,0.25,probe_all_local,10,95.8,0.0,272.9,95.8,81.51875,14.28125
2.0,0.5,0.25,replan_on_failure,10,81.51875,6.7875,64.0,95.8,81.51875,0.0
2.0,0.5,0.5,behavior_tree_fallback,10,93.20625,3.0625,207.9,95.8,83.4,9.80625
2.0,0.5,0.5,gcs_eager,10,95.8,0.0,272.9,95.8,83.4,12.4
2.0,0.5,0.5,gcs_lazy,10,79.184375,5.8,300.19,95.8,83.4,-4.215625
2.0,0.5,0.5,oracle_assignment,10,64.0,0.0,64.0,95.8,83.4,-19.4
2.0,0.5,0.5,probe_all_local,10,95.8,0.0,272.9,95.8,83.4,12.4
2.0,0.5,0.5,replan_on_failure,10,83.4,7.4125,64.0,95.8,83.4,0.0
2.0,0.5,0.75,behavior_tree_fallback,10,94.625,1.3,207.7,95.4,83.675,10.95
2.0,0.5,0.75,gcs_eager,10,95.4,0.0,272.7,95.4,83.675,11.725
2.0,0.5,0.75,gcs_lazy,10,79.040625,5.5875,299.97,95.4,83.675,-4.634375
2.0,0.5,0.75,oracle_assignment,10,64.0,0.0,64.0,95.4,83.675,-19.675
2.0,0.5,0.75,probe_all_local,10,95.4,0.0,272.7,95.4,83.675,11.725
2.0,0.5,0.75,replan_on_failure,10,83.675,7.3125,64.0,95.4,83.675,0.0
2.0,1.0,0.0,behavior_tree_fallback,10,79.9,5.3,207.8,95.6,85.225,-5.325
2.0,1.0,0.0,gcs_eager,10,95.6,0.0,272.8,95.6,85.225,10.375
2.0,1.0,0.0,gcs_lazy,10,79.9,5.3,300.08,95.6,85.225,-5.325
2.0,1.0,0.0,oracle_assignment,10,64.0,0.0,64.0,95.6,85.225,-21.225
2.0,1.0,0.0,probe_all_local,10,95.6,0.0,272.8,95.6,85.225,10.375
2.0,1.0,0.0,replan_on_failure,10,85.225,7.075,64.0,95.6,85.225,0.0
2.0,1.0,0.25,behavior_tree_fallback,10,91.9875,4.0375,207.7,95.4,85.8625,6.125
2.0,1.0,0.25,gcs_eager,10,95.4,0.0,272.7,95.4,85.8625,9.5375
2.0,1.0,0.25,gcs_lazy,10,81.23125,5.5,299.97,95.4,85.8625,-4.63125
2.0,1.0,0.25,oracle_assignment,10,64.0,0.0,64.0,95.4,85.8625,-21.8625
2.0,1.0,0.25,probe_all_local,10,95.4,0.0,272.7,95.4,85.8625,9.5375
2.0,1.0,0.25,replan_on_failure,10,85.8625,7.0125,64.0,95.4,85.8625,0.0
2.0,1.0,0.5,behavior_tree_fallback,10,94.7375,2.6625,207.9,95.8,86.48125,8.25625
2.0,1.0,0.5,gcs_eager,10,95.8,0.0,272.9,95.8,86.48125,9.31875
2.0,1.0,0.5,gcs_lazy,10,81.35,5.3375,300.19,95.8,86.48125,-5.13125
2.0,1.0,0.5,oracle_assignment,10,64.0,0.0,64.0,95.8,86.48125,-22.48125
2.0,1.0,0.5,probe_all_local,10,95.8,0.0,272.9,95.8,86.48125,9.31875
2.0,1.0,0.5,replan_on_failure,10,86.48125,6.9125,64.0,95.8,86.48125,0.0
2.0,1.0,0.75,behavior_tree_fallback,10,95.225,1.725,207.8,95.6,87.26875,7.95625
2.0,1.0,0.75,gcs_eager,10,95.6,0.0,272.8,95.6,87.26875,8.33125
2.0,1.0,0.75,gcs_lazy,10,82.08125,5.4125,300.08,95.6,87.26875,-5.1875
2.0,1.0,0.75,oracle_assignment,10,64.0,0.0,64.0,95.6,87.26875,-23.26875
2.0,1.0,0.75,probe_all_local,10,95.6,0.0,272.8,95.6,87.26875,8.33125
2.0,1.0,0.75,replan_on_failure,10,87.26875,6.9375,64.0,95.6,87.26875,0.0
2.0,2.0,0.0,behavior_tree_fallback,10,85.65,5.4125,207.7,95.4,92.9,-7.25
2.0,2.0,0.0,gcs_eager,10,95.4,0.0,272.7,95.4,92.9,2.5
2.0,2.0,0.0,gcs_lazy,10,85.65,5.4125,299.97,95.4,92.9,-7.25
2.0,2.0,0.0,oracle_assignment,10,64.0,0.0,64.0,95.4,92.9,-28.9
2.0,2.0,0.0,probe_all_local,10,95.4,0.0,272.7,95.4,92.9,2.5
2.0,2.0,0.0,replan_on_failure,10,92.9,7.225,64.0,95.4,92.9,0.0
2.0,2.0,0.25,behavior_tree_fallback,10,95.85,4.4375,207.5,95.0,92.875,2.975
2.0,2.0,0.25,gcs_eager,10,95.0,0.0,272.5,95.0,92.875,2.125
2.0,2.0,0.25,gcs_lazy,10,86.25,5.3375,299.75,95.0,92.875,-6.625
2.0,2.0,0.25,oracle_assignment,10,64.0,0.0,64.0,95.0,92.875,-28.875
2.0,2.0,0.25,probe_all_local,10,95.0,0.0,272.5,95.0,92.875,2.125
2.0,2.0,0.25,replan_on_failure,10,92.875,6.875,64.0,95.0,92.875,0.0
2.0,2.0,0.5,behavior_tree_fallback,10,97.6,2.5125,207.9,95.8,94.0,3.6
2.0,2.0,0.5,gcs_eager,10,95.8,0.0,272.9,95.8,94.0,1.8
2.0,2.0,0.5,gcs_lazy,10,86.9875,5.1,300.19,95.8,94.0,-7.0125
2.0,2.0,0.5,oracle_assignment,10,64.0,0.0,64.0,95.8,94.0,-30.0
2.0,2.0,0.5,probe_all_local,10,95.8,0.0,272.9,95.8,94.0,1.8
2.0,2.0,0.5,replan_on_failure,10,94.0,6.675,64.0,95.8,94.0,0.0
2.0,2.0,0.75,behavior_tree_fallback,10,96.575,1.3125,208.0,96.0,98.4625,-1.8875
2.0,2.0,0.75,gcs_eager,10,96.0,0.0,273.0,96.0,98.4625,-2.4625
2.0,2.0,0.75,gcs_lazy,10,89.875,5.4375,300.3,96.0,98.4625,-8.5875
2.0,2.0,0.75,oracle_assignment,10,64.0,0.0,64.0,96.0,98.4625,-34.4625
2.0,2.0,0.75,probe_all_local,10,96.0,0.0,273.0,96.0,98.4625,-2.4625
2.0,2.0,0.75,replan_on_failure,10,98.4625,7.2625,64.0,96.0,98.4625,0.0
2.0,4.0,0.0,behavior_tree_fallback,10,96.7,5.45,207.8,95.6,103.975,-7.275
2.0,4.0,0.0,gcs_eager,10,95.6,0.0,272.8,95.6,103.975,-8.375
2.0,4.0,0.0,gcs_lazy,10,93.875,3.0125,300.08,95.6,103.975,-10.1
2.0,4.0,0.0,oracle_assignment,10,64.0,0.0,64.0,95.6,103.975,-39.975
2.0,4.0,0.0,probe_all_local,10,95.6,0.0,272.8,95.6,103.975,-8.375
2.0,4.0,0.0,replan_on_failure,10,103.975,6.6625,64.0,95.6,103.975,0.0
2.0,4.0,0.25,behavior_tree_fallback,10,102.625,3.675,207.9,95.8,109.525,-6.9
2.0,4.0,0.25,gcs_eager,10,95.8,0.0,272.9,95.8,109.525,-13.725
2.0,4.0,0.25,gcs_lazy,10,97.675,1.9625,300.19,95.8,109.525,-11.85
2.0,4.0,0.25,oracle_assignment,10,64.0,0.0,64.0,95.8,109.525,-45.525
2.0,4.0,0.25,probe_all_local,10,95.8,0.0,272.9,95.8,109.525,-13.725
2.0,4.0,0.25,replan_on_failure,10,109.525,6.975,64.0,95.8,109.525,0.0
2.0,4.0,0.5,behavior_tree_fallback,10,101.775,2.525,207.7,95.4,111.625,-9.85
2.0,4.0,0.5,gcs_eager,10,95.4,0.0,272.7,95.4,111.625,-16.225
2.0,4.0,0.5,gcs_lazy,10,99.3,1.725,299.97,95.4,111.625,-12.325
2.0,4.0,0.5,oracle_assignment,10,64.0,0.0,64.0,95.4,111.625,-47.625
2.0,4.0,0.5,probe_all_local,10,95.4,0.0,272.7,95.4,111.625,-16.225
2.0,4.0,0.5,replan_on_failure,10,111.625,6.7125,64.0,95.4,111.625,0.0
2.0,4.0,0.75,behavior_tree_fallback,10,99.725,1.2125,207.9,95.8,114.2,-14.475
2.0,4.0,0.75,gcs_eager,10,95.8,0.0,272.9,95.8,114.2,-18.4
2.0,4.0,0.75,gcs_lazy,10,98.05,1.1875,300.19,95.8,114.2,-16.15
2.0,4.0,0.75,oracle_assignment,10,64.0,0.0,64.0,95.8,114.2,-50.2
2.0,4.0,0.75,probe_all_local,10,95.8,0.0,272.9,95.8,114.2,-18.4
2.0,4.0,0.75,replan_on_failure,10,114.2,6.675,64.0,95.8,114.2,0.0
2.0,8.0,0.0,behavior_tree_fallback,10,99.675,1.3875,207.6,95.2,131.625,-31.95
2.0,8.0,0.0,gcs_eager,10,95.2,0.0,272.6,95.2,131.625,-36.425
2.0,8.0,0.0,gcs_lazy,10,95.2,0.0,299.86,95.2,131.625,-36.425
2.0,8.0,0.0,oracle_assignment,10,64.0,0.0,64.0,95.2,131.625,-67.625
2.0,8.0,0.0,probe_all_local,10,95.2,0.0,272.6,95.2,131.625,-36.425
2.0,8.0,0.0,replan_on_failure,10,131.625,6.7625,64.0,95.2,131.625,0.0
2.0,8.0,0.25,behavior_tree_fallback,10,103.675,1.175,208.0,96.0,142.625,-38.95
2.0,8.0,0.25,gcs_eager,10,96.0,0.0,273.0,96.0,142.625,-46.625
2.0,8.0,0.25,gcs_lazy,10,96.0,0.0,300.3,96.0,142.625,-46.625
2.0,8.0,0.25,oracle_assignment,10,64.0,0.0,64.0,96.0,142.625,-78.625
2.0,8.0,0.25,probe_all_local,10,96.0,0.0,273.0,96.0,142.625,-46.625
2.0,8.0,0.25,replan_on_failure,10,142.625,7.0375,64.0,96.0,142.625,0.0
2.0,8.0,0.5,behavior_tree_fallback,10,100.2,0.7,207.7,95.4,149.3,-49.1
2.0,8.0,0.5,gcs_eager,10,95.4,0.0,272.7,95.4,149.3,-53.9
2.0,8.0,0.5,gcs_lazy,10,95.4,0.0,299.97,95.4,149.3,-53.9
2.0,8.0,0.5,oracle_assignment,10,64.0,0.0,64.0,95.4,149.3,-85.3
2.0,8.0,0.5,probe_all_local,10,95.4,0.0,272.7,95.4,149.3,-53.9
2.0,8.0,0.5,replan_on_failure,10,149.3,7.075,64.0,95.4,149.3,0.0
2.0,8.0,0.75,behavior_tree_fallback,10,99.25,0.475,207.8,95.6,156.3,-57.05
2.0,8.0,0.75,gcs_eager,10,95.6,0.0,272.8,95.6,156.3,-60.7
2.0,8.0,0.75,gcs_lazy,10,95.6,0.0,300.08,95.6,156.3,-60.7
2.0,8.0,0.75,oracle_assignment,10,64.0,0.0,64.0,95.6,156.3,-92.3
2.0,8.0,0.75,probe_all_local,10,95.6,0.0,272.8,95.6,156.3,-60.7
2.0,8.0,0.75,replan_on_failure,10,156.3,7.075,64.0,95.6,156.3,0.0
4.0,0.5,0.0,behavior_tree_fallback,10,78.21875,5.6875,207.8,127.2,80.8125,-2.59375
4.0,0.5,0.0,gcs_eager,10,127.2,0.0,272.8,127.2,80.8125,46.3875
4.0,0.5,0.0,gcs_lazy,10,78.21875,5.6875,300.08,127.2,80.8125,-2.59375
4.0,0.5,0.0,oracle_assignment,10,64.0,0.0,64.0,127.2,80.8125,-16.8125
4.0,0.5,0.0,probe_all_local,10,127.2,0.0,272.8,127.2,80.8125,46.3875
4.0,0.5,0.0,replan_on_failure,10,80.8125,6.725,64.0,127.2,80.8125,0.0
4.0,0.5,0.25,behavior_tree_fallback,10,104.95625,3.7625,207.7,126.8,81.0875,23.86875
4.0,0.5,0.25,gcs_eager,10,126.8,0.0,272.7,126.8,81.0875,45.7125
4.0,0.5,0.25,gcs_lazy,10,77.428125,5.225,299.97,126.8,81.0875,-3.659375
4.0,0.5,0.25,oracle_assignment,10,64.0,0.0,64.0,126.8,81.0875,-17.0875
4.0,0.5,0.25,probe_all_local,10,126.8,0.0,272.7,126.8,81.0875,45.7125
4.0,0.5,0.25,replan_on_failure,10,81.0875,6.6375,64.0,126.8,81.0875,0.0
4.0,0.5,0.5,behavior_tree_fallback,10,114.7875,3.275,207.9,127.6,81.125,33.6625
4.0,0.5,0.5,gcs_eager,10,127.6,0.0,272.9,127.6,81.125,46.475
4.0,0.5,0.5,gcs_lazy,10,78.959375,5.7375,300.19,127.6,81.125,-2.165625
4.0,0.5,0.5,oracle_assignment,10,64.0,0.0,64.0,127.6,81.125,-17.125
4.0,0.5,0.5,probe_all_local,10,127.6,0.0,272.9,127.6,81.125,46.475
4.0,0.5,0.5,replan_on_failure,10,81.125,6.55,64.0,127.6,81.125,0.0
4.0,0.5,0.75,behavior_tree_fallback,10,120.6375,1.675,207.8,127.2,83.2,37.4375
4.0,0.5,0.75,gcs_eager,10,127.2,0.0,272.8,127.2,83.2,44.0
4.0,0.5,0.75,gcs_lazy,10,78.0875,5.275,300.08,127.2,83.2,-5.1125
4.0,0.5,0.75,oracle_assignment,10,64.0,0.0,64.0,127.2,83.2,-19.2
4.0,0.5,0.75,probe_all_local,10,127.2,0.0,272.8,127.2,83.2,44.0
4.0,0.5,0.75,replan_on_failure,10,83.2,7.175,64.0,127.2,83.2,0.0
4.0,1.0,0.0,behavior_tree_fallback,10,80.425,5.475,207.8,127.2,85.075,-4.65
4.0,1.0,0.0,gcs_eager,10,127.2,0.0,272.8,127.2,85.075,42.125
4.0,1.0,0.0,gcs_lazy,10,80.425,5.475,300.08,127.2,85.075,-4.65
4.0,1.0,0.0,oracle_assignment,10,64.0,0.0,64.0,127.2,85.075,-21.075
4.0,1.0,0.0,probe_all_local,10,127.2,0.0,272.8,127.2,85.075,42.125
4.0,1.0,0.0,replan_on_failure,10,85.075,7.025,64.0,127.2,85.075,0.0
4.0,1.0,0.25,behavior_tree_fallback,10,104.65,4.2,207.5,126.0,85.7,18.95
4.0,1.0,0.25,gcs_eager,10,126.0,0.0,272.5,126.0,85.7,40.3
4.0,1.0,0.25,gcs_lazy,10,80.58125,5.3375,299.75,126.0,85.7,-5.11875
4.0,1.0,0.25,oracle_assignment,10,64.0,0.0,64.0,126.0,85.7,-21.7
4.0,1.0,0.25,probe_all_local,10,126.0,0.0,272.5,126.0,85.7,40.3
4.0,1.0,0.25,replan_on_failure,10,85.7,7.0,64.0,126.0,85.7,0.0
4.0,1.0,0.5,behavior_tree_fallback,10,115.9875,2.9125,207.9,127.6,85.23125,30.75625
4.0,1.0,0.5,gcs_eager,10,127.6,0.0,272.9,127.6,85.23125,42.36875
4.0,1.0,0.5,gcs_lazy,10,80.30625,5.075,300.19,127.6,85.23125,-4.925
4.0,1.0,0.5,oracle_assignment,10,64.0,0.0,64.0,127.6,85.23125,-21.23125
4.0,1.0,0.5,probe_all_local,10,127.6,0.0,272.9,127.6,85.23125,42.36875
4.0,1.0,0.5,replan_on_failure,10,85.23125,6.575,64.0,127.6,85.23125,0.0
4.0,1.0,0.75,behavior_tree_fallback,10,121.7375,1.6125,207.7,126.8,88.41875,33.31875
4.0,1.0,0.75,gcs_eager,10,126.8,0.0,272.7,126.8,88.41875,38.38125
4.0,1.0,0.75,gcs_lazy,10,81.39375,5.2,299.97,126.8,88.41875,-7.025
4.0,1.0,0.75,oracle_assignment,10,64.0,0.0,64.0,126.8,88.41875,-24.41875
4.0,1.0,0.75,probe_all_local,10,126.8,0.0,272.7,126.8,88.41875,38.38125
4.0,1.0,0.75,replan_on_failure,10,88.41875,7.2875,64.0,126.8,88.41875,0.0
4.0,2.0,0.0,behavior_tree_fallback,10,86.5,5.625,207.6,126.4,92.45,-5.95
4.0,2.0,0.0,gcs_eager,10,126.4,0.0,272.6,126.4,92.45,33.95
4.0,2.0,0.0,gcs_lazy,10,86.5,5.625,299.86,126.4,92.45,-5.95
4.0,2.0,0.0,oracle_assignment,10,64.0,0.0,64.0,126.4,92.45,-28.45
4.0,2.0,0.0,probe_all_local,10,126.4,0.0,272.6,126.4,92.45,33.95
4.0,2.0,0.0,replan_on_failure,10,92.45,7.1125,64.0,126.4,92.45,0.0
4.0,2.0,0.25,behavior_tree_fallback,10,112.55,4.175,207.9,127.6,93.5,19.05
4.0,2.0,0.25,gcs_eager,10,127.6,0.0,272.9,127.6,93.5,34.1
4.0,2.0,0.25,gcs_lazy,10,87.6375,5.5625,300.19,127.6,93.5,-5.8625
4.0,2.0,0.25,oracle_assignment,10,64.0,0.0,64.0,127.6,93.5,-29.5
4.0,2.0,0.25,probe_all_local,10,127.6,0.0,272.9,127.6,93.5,34.1
4.0,2.0,0.25,replan_on_failure,10,93.5,6.9125,64.0,127.6,93.5,0.0
4.0,2.0,0.5,behavior_tree_fallback,10,120.5,2.6375,207.9,127.6,95.1125,25.3875
4.0,2.0,0.5,gcs_eager,10,127.6,0.0,272.9,127.6,95.1125,32.4875
4.0,2.0,0.5,gcs_lazy,10,88.925,5.5125,300.19,127.6,95.1125,-6.1875
4.0,2.0,0.5,oracle_assignment,10,64.0,0.0,64.0,127.6,95.1125,-31.1125
4.0,2.0,0.5,probe_all_local,10,127.6,0.0,272.9,127.6,95.1125,32.4875
4.0,2.0,0.5,replan_on_failure,10,95.1125,6.875,64.0,127.6,95.1125,0.0
4.0,2.0,0.75,behavior_tree_fallback,10,122.75,1.0625,207.4,125.6,96.875,25.875
4.0,2.0,0.75,gcs_eager,10,125.6,0.0,272.4,125.6,96.875,28.725
4.0,2.0,0.75,gcs_lazy,10,90.5625,5.525,299.64,125.6,96.875,-6.3125
4.0,2.0,0.75,oracle_assignment,10,64.0,0.0,64.0,125.6,96.875,-32.875
4.0,2.0,0.75,probe_all_local,10,125.6,0.0,272.4,125.6,96.875,28.725
4.0,2.0,0.75,replan_on_failure,10,96.875,6.8375,64.0,125.6,96.875,0.0
4.0,4.0,0.0,behavior_tree_fallback,10,98.575,5.7625,208.0,128.0,104.875,-6.3
4.0,4.0,0.0,gcs_eager,10,128.0,0.0,273.0,128.0,104.875,23.125
4.0,4.0,0.0,gcs_lazy,10,98.575,5.7625,300.3,128.0,104.875,-6.3
4.0,4.0,0.0,oracle_assignment,10,64.0,0.0,64.0,128.0,104.875,-40.875
4.0,4.0,0.0,probe_all_local,10,128.0,0.0,273.0,128.0,104.875,23.125
4.0,4.0,0.0,replan_on_failure,10,104.875,6.8125,64.0,128.0,104.875,0.0
4.0,4.0,0.25,behavior_tree_fallback,10,120.375,3.8375,207.7,126.8,109.7,10.675
4.0,4.0,0.25,gcs_eager,10,126.8,0.0,272.7,126.8,109.7,17.1
4.0,4.0,0.25,gcs_lazy,10,97.925,5.2,299.97,126.8,109.7,-11.775
4.0,4.0,0.25,oracle_assignment,10,64.0,0.0,64.0,126.8,109.7,-45.7
4.0,4.0,0.25,probe_all_local,10,126.8,0.0,272.7,126.8,109.7,17.1
4.0,4.0,0.25,replan_on_failure,10,109.7,7.0,64.0,126.8,109.7,0.0
4.0,4.0,0.5,behavior_tree_fallback,10,124.525,3.1125,207.7,126.8,113.475,11.05
4.0,4.0,0.5,gcs_eager,10,126.8,0.0,272.7,126.8,113.475,13.325
4.0,4.0,0.5,gcs_lazy,10,101.275,5.4375,299.97,126.8,113.475,-12.2
4.0,4.0,0.5,oracle_assignment,10,64.0,0.0,64.0,126.8,113.475,-49.475
4.0,4.0,0.5,probe_all_local,10,126.8,0.0,272.7,126.8,113.475,13.325
4.0,4.0,0.5,replan_on_failure,10,113.475,7.1375,64.0,126.8,113.475,0.0
4.0,4.0,0.75,behavior_tree_fallback,10,128.45,1.55,207.9,127.6,118.15,10.3
4.0,4.0,0.75,gcs_eager,10,127.6,0.0,272.9,127.6,118.15,9.45
4.0,4.0,0.75,gcs_lazy,10,106.1,5.65,300.19,127.6,118.15,-12.05
4.0,4.0,0.75,oracle_assignment,10,64.0,0.0,64.0,127.6,118.15,-54.15
4.0,4.0,0.75,probe_all_local,10,127.6,0.0,272.9,127.6,118.15,9.45
4.0,4.0,0.75,replan_on_failure,10,118.15,7.275,64.0,127.6,118.15,0.0
4.0,8.0,0.0,behavior_tree_fallback,10,119.125,5.5125,207.8,127.2,133.625,-14.5
4.0,8.0,0.0,gcs_eager,10,127.2,0.0,272.8,127.2,133.625,-6.425
4.0,8.0,0.0,gcs_lazy,10,119.325,4.0125,300.08,127.2,133.625,-14.3
4.0,8.0,0.0,oracle_assignment,10,64.0,0.0,64.0,127.2,133.625,-69.625
4.0,8.0,0.0,probe_all_local,10,127.2,0.0,272.8,127.2,133.625,-6.425
4.0,8.0,0.0,replan_on_failure,10,133.625,6.9625,64.0,127.2,133.625,0.0
4.0,8.0,0.25,behavior_tree_fallback,10,136.6,4.4,207.7,126.8,140.35,-3.75
4.0,8.0,0.25,gcs_eager,10,126.8,0.0,272.7,126.8,140.35,-13.55
4.0,8.0,0.25,gcs_lazy,10,131.375,3.7375,299.97,126.8,140.35,-8.975
4.0,8.0,0.25,oracle_assignment,10,64.0,0.0,64.0,126.8,140.35,-76.35
4.0,8.0,0.25,probe_all_local,10,126.8,0.0,272.7,126.8,140.35,-13.55
4.0,8.0,0.25,replan_on_failure,10,140.35,7.025,64.0,126.8,140.35,0.0
4.0,8.0,0.5,behavior_tree_fallback,10,137.425,3.3875,208.0,128.0,146.2,-8.775
4.0,8.0,0.5,gcs_eager,10,128.0,0.0,273.0,128.0,146.2,-18.2
4.0,8.0,0.5,gcs_lazy,10,131.125,2.9375,300.3,128.0,146.2,-15.075
4.0,8.0,0.5,oracle_assignment,10,64.0,0.0,64.0,128.0,146.2,-82.2
4.0,8.0,0.5,probe_all_local,10,128.0,0.0,273.0,128.0,146.2,-18.2
4.0,8.0,0.5,replan_on_failure,10,146.2,7.1,64.0,128.0,146.2,0.0
4.0,8.0,0.75,behavior_tree_fallback,10,131.1,1.4,207.6,126.4,151.375,-20.275
4.0,8.0,0.75,gcs_eager,10,126.4,0.0,272.6,126.4,151.375,-24.975
4.0,8.0,0.75,gcs_lazy,10,129.15,1.925,299.86,126.4,151.375,-22.225
4.0,8.0,0.75,oracle_assignment,10,64.0,0.0,64.0,126.4,151.375,-87.375
4.0,8.0,0.75,probe_all_local,10,126.4,0.0,272.6,126.4,151.375,-24.975
4.0,8.0,0.75,replan_on_failure,10,151.375,6.8125,64.0,126.4,151.375,0.0
6.0,0.5,0.0,behavior_tree_fallback,10,76.9375,5.175,207.8,158.8,82.125,-5.1875
6.0,0.5,0.0,gcs_eager,10,158.8,0.0,272.8,158.8,82.125,76.675
6.0,0.5,0.0,gcs_lazy,10,76.9375,5.175,300.08,158.8,82.125,-5.1875
6.0,0.5,0.0,oracle_assignment,10,64.0,0.0,64.0,158.8,82.125,-18.125
6.0,0.5,0.0,probe_all_local,10,158.8,0.0,272.8,158.8,82.125,76.675
6.0,0.5,0.0,replan_on_failure,10,82.125,7.25,64.0,158.8,82.125,0.0
6.0,0.5,0.25,behavior_tree_fallback,10,121.4125,3.825,207.9,159.4,80.8875,40.525
6.0,0.5,0.25,gcs_eager,10,159.4,0.0,272.9,159.4,80.8875,78.5125
6.0,0.5,0.25,gcs_lazy,10,78.134375,5.4875,300.19,159.4,80.8875,-2.753125
6.0,0.5,0.25,oracle_assignment,10,64.0,0.0,64.0,159.4,80.8875,-16.8875
6.0,0.5,0.25,probe_all_local,10,159.4,0.0,272.9,159.4,80.8875,78.5125
6.0,0.5,0.25,replan_on_failure,10,80.8875,6.5625,64.0,159.4,80.8875,0.0
6.0,0.5,0.5,behavior_tree_fallback,10,139.41875,2.5375,207.9,159.4,82.26875,57.15
6.0,0.5,0.5,gcs_eager,10,159.4,0.0,272.9,159.4,82.26875,77.13125
6.0,0.5,0.5,gcs_lazy,10,78.1125,5.3625,300.19,159.4,82.26875,-4.15625
6.0,0.5,0.5,oracle_assignment,10,64.0,0.0,64.0,159.4,82.26875,-18.26875
6.0,0.5,0.5,probe_all_local,10,159.4,0.0,272.9,159.4,82.26875,77.13125
6.0,0.5,0.5,replan_on_failure,10,82.26875,6.95,64.0,159.4,82.26875,0.0
6.0,0.5,0.75,behavior_tree_fallback,10,151.10625,1.0625,207.8,158.8,83.525,67.58125
6.0,0.5,0.75,gcs_eager,10,158.8,0.0,272.8,158.8,83.525,75.275
6.0,0.5,0.75,gcs_lazy,10,77.896875,5.15,300.08,158.8,83.525,-5.628125
6.0,0.5,0.75,oracle_assignment,10,64.0,0.0,64.0,158.8,83.525,-19.525
6.0,0.5,0.75,probe_all_local,10,158.8,0.0,272.8,158.8,83.525,75.275
6.0,0.5,0.75,replan_on_failure,10,83.525,7.2125,64.0,158.8,83.525,0.0
6.0,1.0,0.0,behavior_tree_fallback,10,80.9125,5.6375,207.7,158.2,85.1125,-4.2
6.0,1.0,0.0,gcs_eager,10,158.2,0.0,272.7,158.2,85.1125,73.0875
6.0,1.0,0.0,gcs_lazy,10,80.9125,5.6375,299.97,158.2,85.1125,-4.2
6.0,1.0,0.0,oracle_assignment,10,64.0,0.0,64.0,158.2,85.1125,-21.1125
6.0,1.0,0.0,probe_all_local,10,158.2,0.0,272.7,158.2,85.1125,73.0875
6.0,1.0,0.0,replan_on_failure,10,85.1125,7.0375,64.0,158.2,85.1125,0.0
6.0,1.0,0.25,behavior_tree_fallback,10,126.5875,3.7625,207.9,159.4,86.80625,39.78125
6.0,1.0,0.25,gcs_eager,10,159.4,0.0,272.9,159.4,86.80625,72.59375
6.0,1.0,0.25,gcs_lazy,10,79.575,4.9875,300.19,159.4,86.80625,-7.23125
6.0,1.0,0.25,oracle_assignment,10,64.0,0.0,64.0,159.4,86.80625,-22.80625
6.0,1.0,0.25,probe_all_local,10,159.4,0.0,272.9,159.4,86.80625,72.59375
6.0,1.0,0.25,replan_on_failure,10,86.80625,7.3125,64.0,159.4,86.80625,0.0
6.0,1.0,0.5,behavior_tree_fallback,10,135.475,2.925,207.6,157.6,87.31875,48.15625
6.0,1.0,0.5,gcs_eager,10,157.6,0.0,272.6,157.6,87.31875,70.28125
6.0,1.0,0.5,gcs_lazy,10,82.1375,5.6,299.86,157.6,87.31875,-5.18125
6.0,1.0,0.5,oracle_assignment,10,64.0,0.0,64.0,157.6,87.31875,-23.31875
6.0,1.0,0.5,probe_all_local,10,157.6,0.0,272.6,157.6,87.31875,70.28125
6.0,1.0,0.5,replan_on_failure,10,87.31875,7.1875,64.0,157.6,87.31875,0.0
6.0,1.0,0.75,behavior_tree_fallback,10,153.025,1.1,208.0,160.0,88.55,64.475
6.0,1.0,0.75,gcs_eager,10,160.0,0.0,273.0,160.0,88.55,71.45
6.0,1.0,0.75,gcs_lazy,10,82.175,5.35,300.3,160.0,88.55,-6.375
6.0,1.0,0.75,oracle_assignment,10,64.0,0.0,64.0,160.0,88.55,-24.55
6.0,1.0,0.75,probe_all_local,10,160.0,0.0,273.0,160.0,88.55,71.45
6.0,1.0,0.75,replan_on_failure,10,88.55,7.225,64.0,160.0,88.55,0.0
6.0,2.0,0.0,behavior_tree_fallback,10,85.4,5.35,207.8,158.8,91.35,-5.95
6.0,2.0,0.0,gcs_eager,10,158.8,0.0,272.8,158.8,91.35,67.45
6.0,2.0,0.0,gcs_lazy,10,85.4,5.35,300.08,158.8,91.35,-5.95
6.0,2.0,0.0,oracle_assignment,10,64.0,0.0,64.0,158.8,91.35,-27.35
6.0,2.0,0.0,probe_all_local,10,158.8,0.0,272.8,158.8,91.35,67.45
6.0,2.0,0.0,replan_on_failure,10,91.35,6.8375,64.0,158.8,91.35,0.0
6.0,2.0,0.25,behavior_tree_fallback,10,128.9,3.5875,207.7,158.2,93.0375,35.8625
6.0,2.0,0.25,gcs_eager,10,158.2,0.0,272.7,158.2,93.0375,65.1625
6.0,2.0,0.25,gcs_lazy,10,87.2875,5.375,299.97,158.2,93.0375,-5.75
6.0,2.0,0.25,oracle_assignment,10,64.0,0.0,64.0,158.2,93.0375,-29.0375
6.0,2.0,0.25,probe_all_local,10,158.2,0.0,272.7,158.2,93.0375,65.1625
6.0,2.0,0.25,replan_on_failure,10,93.0375,6.7625,64.0,158.2,93.0375,0.0
6.0,2.0,0.5,behavior_tree_fallback,10,140.525,2.9125,207.6,157.6,95.5,45.025
6.0,2.0,0.5,gcs_eager,10,157.6,0.0,272.6,157.6,95.5,62.1
6.0,2.0,0.5,gcs_lazy,10,86.65,5.1125,299.86,157.6,95.5,-8.85
6.0,2.0,0.5,oracle_assignment,10,64.0,0.0,64.0,157.6,95.5,-31.5
6.0,2.0,0.5,probe_all_local,10,157.6,0.0,272.6,157.6,95.5,62.1
6.0,2.0,0.5,replan_on_failure,10,95.5,7.0375,64.0,157.6,95.5,0.0
6.0,2.0,0.75,behavior_tree_fallback,10,149.65,1.3125,207.7,158.2,95.6875,53.9625
6.0,2.0,0.75,gcs_eager,10,158.2,0.0,272.7,158.2,95.6875,62.5125
6.0,2.0,0.75,gcs_lazy,10,89.25,5.3125,299.97,158.2,95.6875,-6.4375
6.0,2.0,0.75,oracle_assignment,10,64.0,0.0,64.0,158.2,95.6875,-31.6875
6.0,2.0,0.75,probe_all_local,10,158.2,0.0,272.7,158.2,95.6875,62.5125
6.0,2.0,0.75,replan_on_failure,10,95.6875,6.675,64.0,158.2,95.6875,0.0
6.0,4.0,0.0,behavior_tree_fallback,10,95.95,5.325,207.8,158.8,104.575,-8.625
6.0,4.0,0.0,gcs_eager,10,158.8,0.0,272.8,158.8,104.575,54.225
6.0,4.0,0.0,gcs_lazy,10,95.95,5.325,300.08,158.8,104.575,-8.625
6.0,4.0,0.0,oracle_assignment,10,64.0,0.0,64.0,158.8,104.575,-40.575
6.0,4.0,0.0,probe_all_local,10,158.8,0.0,272.8,158.8,104.575,54.225
6.0,4.0,0.0,replan_on_failure,10,104.575,6.7625,64.0,158.8,104.575,0.0
6.0,4.0,0.25,behavior_tree_fallback,10,134.65,4.075,207.6,157.6,106.725,27.925
6.0,4.0,0.25,gcs_eager,10,157.6,0.0,272.6,157.6,106.725,50.875
6.0,4.0,0.25,gcs_lazy,10,100.55,5.5875,299.86,157.6,106.725,-6.175
6.0,4.0,0.25,oracle_assignment,10,64.0,0.0,64.0,157.6,106.725,-42.725
6.0,4.0,0.25,probe_all_local,10,157.6,0.0,272.6,157.6,106.725,50.875
6.0,4.0,0.25,replan_on_failure,10,106.725,6.5625,64.0,157.6,106.725,0.0
6.0,4.0,0.5,behavior_tree_fallback,10,149.05,2.3125,207.6,157.6,109.075,39.975
6.0,4.0,0.5,gcs_eager,10,157.6,0.0,272.6,157.6,109.075,48.525
6.0,4.0,0.5,gcs_lazy,10,102.575,5.4,299.86,157.6,109.075,-6.5
6.0,4.0,0.5,oracle_assignment,10,64.0,0.0,64.0,157.6,109.075,-45.075
6.0,4.0,0.5,probe_all_local,10,157.6,0.0,272.6,157.6,109.075,48.525
6.0,4.0,0.5,replan_on_failure,10,109.075,6.3125,64.0,157.6,109.075,0.0
6.0,4.0,0.75,behavior_tree_fallback,10,154.525,1.05,207.9,159.4,118.375,36.15
6.0,4.0,0.75,gcs_eager,10,159.4,0.0,272.9,159.4,118.375,41.025
6.0,4.0,0.75,gcs_lazy,10,104.1,5.275,300.19,159.4,118.375,-14.275
6.0,4.0,0.75,oracle_assignment,10,64.0,0.0,64.0,159.4,118.375,-54.375
6.0,4.0,0.75,probe_all_local,10,159.4,0.0,272.9,159.4,118.375,41.025
6.0,4.0,0.75,replan_on_failure,10,118.375,7.1625,64.0,159.4,118.375,0.0
6.0,8.0,0.0,behavior_tree_fallback,10,118.75,5.475,207.7,158.2,132.0,-13.25
6.0,8.0,0.0,gcs_eager,10,158.2,0.0,272.7,158.2,132.0,26.2
6.0,8.0,0.0,gcs_lazy,10,118.75,5.475,299.97,158.2,132.0,-13.25
6.0,8.0,0.0,oracle_assignment,10,64.0,0.0,64.0,158.2,132.0,-68.0
6.0,8.0,0.0,probe_all_local,10,158.2,0.0,272.7,158.2,132.0,26.2
6.0,8.0,0.0,replan_on_failure,10,132.0,6.8,64.0,158.2,132.0,0.0
6.0,8.0,0.25,behavior_tree_fallback,10,152.325,4.175,207.9,159.4,137.45,14.875
6.0,8.0,0.25,gcs_eager,10,159.4,0.0,272.9,159.4,137.45,21.95
6.0,8.0,0.25,gcs_lazy,10,124.175,5.025,300.19,159.4,137.45,-13.275
6.0,8.0,0.25,oracle_assignment,10,64.0,0.0,64.0,159.4,137.45,-73.45
6.0,8.0,0.25,probe_all_local,10,159.4,0.0,272.9,159.4,137.45,21.95
6.0,8.0,0.25,replan_on_failure,10,137.45,6.775,64.0,159.4,137.45,0.0
6.0,8.0,0.5,behavior_tree_fallback,10,158.825,2.4625,208.0,160.0,148.05,10.775
6.0,8.0,0.5,gcs_eager,10,160.0,0.0,273.0,160.0,148.05,11.95
6.0,8.0,0.5,gcs_lazy,10,133.0,5.0375,300.3,160.0,148.05,-15.05
6.0,8.0,0.5,oracle_assignment,10,64.0,0.0,64.0,160.0,148.05,-84.05
6.0,8.0,0.5,probe_all_local,10,160.0,0.0,273.0,160.0,148.05,11.95
6.0,8.0,0.5,replan_on_failure,10,148.05,6.875,64.0,160.0,148.05,0.0
6.0,8.0,0.75,behavior_tree_fallback,10,160.75,1.0125,207.9,159.4,157.375,3.375
6.0,8.0,0.75,gcs_eager,10,159.4,0.0,272.9,159.4,157.375,2.025
6.0,8.0,0.75,gcs_lazy,10,138.625,4.65,300.19,159.4,157.375,-18.75
6.0,8.0,0.75,oracle_assignment,10,64.0,0.0,64.0,159.4,157.375,-93.375
6.0,8.0,0.75,probe_all_local,10,159.4,0.0,272.9,159.4,157.375,2.025
6.0,8.0,0.75,replan_on_failure,10,157.375,7.0125,64.0,159.4,157.375,0.0
